id,observed_on_string,observed_on,time_observed_at,user_id,created_at,updated_at,quality_grade,license,image_url,captive_cultivated,place_guess,latitude,longitude,positional_accuracy,geoprivacy,taxon_geoprivacy,coordinates_obscured,place_county_name,place_state_name,place_country_name,species_guess,scientific_name,common_name,iconic_taxon_name,taxon_id
85,"March 31, 2008",2008-03-31,,19,2008-03-31 18:40:30 UTC,2025-05-01 14:48:24 UTC,research,,https://static.inaturalist.org/photos/57/medium.jpg,false,"La Jolla, California, United States",32.8783988953,-117.2220001221,,,open,false,San Diego,California,United States,Great Basin Fence Lizard,Sceloporus occidentalis longipes,Great Basin Fence Lizard,Reptilia,36207
1700510,2015-06-21 12:17:47,2015-06-21,2015-06-21 19:17:47 UTC,2991,2015-06-27 22:58:38 UTC,2026-03-31 17:34:22 UTC,research,CC-BY,https://inaturalist-open-data.s3.amazonaws.com/photos/2058681/medium.JPG,false,"UCSD, San Diego, California, United States",32.8719194444,-117.2393527778,,,open,false,San Diego,California,United States,Western Fence Lizard,Sceloporus occidentalis,Western Fence Lizard,Reptilia,36204
4057956,2012/08/24 5:37 AM EDT,2012-08-24,2012-08-24 09:37:00 UTC,73668,2016-09-07 19:39:59 UTC,2017-03-11 22:33:23 UTC,research,CC-BY-NC,https://inaturalist-open-data.s3.amazonaws.com/photos/4807211/medium.jpeg,false,"La Jolla, San Diego, CA, USA",32.8861813889,-117.2359263889,,,open,false,San Diego,California,United States,Western Fence Lizard,Sceloporus occidentalis,Western Fence Lizard,Reptilia,36204
4057957,2012/08/27 2:03 AM EDT,2012-08-27,2012-08-27 06:03:00 UTC,73668,2016-09-07 19:39:59 UTC,2025-01-02 07:43:20 UTC,research,CC-BY-NC,https://inaturalist-open-data.s3.amazonaws.com/photos/4807224/medium.jpeg,false,"La Jolla, San Diego, CA, USA",32.8850763889,-117.2295583333,,,open,false,San Diego,California,United States,Western Fence Lizard,Sceloporus occidentalis,Western Fence Lizard,Reptilia,36204
4522644,Wed Nov 09 2016 10:34:28 GMT-0800 (PST),2016-11-09,2016-11-09 18:34:28 UTC,76184,2016-11-09 19:03:06 UTC,2022-02-09 01:05:46 UTC,research,CC-BY-NC,https://inaturalist-open-data.s3.amazonaws.com/photos/5475865/medium.jpg,false,"University of California, San Diego, San Diego, CA, US",32.8820633333,-117.2404416667,,,open,false,San Diego,California,United States,Western Fence Lizard,Sceloporus occidentalis,Western Fence Lizard,Reptilia,36204
10514708,Fri Mar 30 2018 15:11:03 GMT-0700 (PDT),2018-03-30,2018-03-30 22:11:03 UTC,76184,2018-03-30 22:11:55 UTC,2022-02-09 01:12:04 UTC,research,CC-BY-NC,https://inaturalist-open-data.s3.amazonaws.com/photos/14630285/medium.jpg,false,"University of California, San Diego, San Diego, CA, US",32.8866416667,-117.241705,10,,open,false,San Diego,California,United States,Western Fence Lizard,Sceloporus occidentalis,Western Fence Lizard,Reptilia,36204
11443185,Thu Mar 09 2017 09:13:30 GMT-0800 (PST),2017-03-09,2017-03-09 17:13:30 UTC,889683,2018-04-26 05:05:17 UTC,2018-04-26 23:09:31 UTC,research,,https://static.inaturalist.org/photos/16323751/medium.jpg,false,"University of California, San Diego, San Diego, CA, US",32.8811533333,-117.2226783333,10,,open,false,San Diego,California,United States,Western Fence Lizard,Sceloporus occidentalis,Western Fence Lizard,Reptilia,36204
12210764,Sun May 06 2018 15:02:41 GMT-0700 (PDT),2018-05-06,2018-05-06 22:02:41 UTC,764743,2018-05-06 22:02:54 UTC,2018-05-06 23:00:25 UTC,research,,https://static.inaturalist.org/photos/17543392/medium.jpg,false,"가이즐 도서관, 샌디에이고, CA, US",32.8817158426,-117.2382329499,10,,open,false,San Diego,California,United States,Western Fence Lizard,Sceloporus occidentalis,Western Fence Lizard,Reptilia,36204
16966191,2018-09-16 5:20:49 PM PDT,2018-09-16,2018-09-17 00:20:49 UTC,797780,2018-09-27 16:10:03 UTC,2025-07-02 03:47:20 UTC,research,,https://static.inaturalist.org/photos/25647013/medium.jpeg,false,"9654 Hopkins Ln, San Diego, CA 92161, USA",32.8826162445,-117.2392517701,33,,open,false,San Diego,California,United States,Great Basin Fence Lizard,Sceloporus occidentalis longipes,Great Basin Fence Lizard,Reptilia,36207
21953322,Wed Apr 03 2019 11:23:21 GMT-0700 (PDT),2019-04-03,2019-04-03 18:23:21 UTC,1415361,2019-04-03 18:26:33 UTC,2019-04-06 21:16:04 UTC,research,CC-BY-NC,https://inaturalist-open-data.s3.amazonaws.com/photos/34022987/medium.jpg,false,"University of California San Diego Park, San Diego, CA, US",32.8872725984,-117.2377154361,5,,open,false,San Diego,California,United States,Western Fence Lizard,Sceloporus occidentalis,Western Fence Lizard,Reptilia,36204
21953411,Wed Apr 03 2019 11:27:07 GMT-0700 (PDT),2019-04-03,2019-04-03 18:27:07 UTC,1415361,2019-04-03 18:29:15 UTC,2019-04-06 21:15:55 UTC,research,CC-BY-NC,https://inaturalist-open-data.s3.amazonaws.com/photos/34023128/medium.jpg,false,"University of California San Diego Park, San Diego, CA, US",32.8878083659,-117.2377714094,6,,open,false,San Diego,California,United States,Western Fence Lizard,Sceloporus occidentalis,Western Fence Lizard,Reptilia,36204
22118451,Sat Apr 06 2019 17:01:06 GMT-0700 (PDT),2019-04-06,2019-04-07 00:01:06 UTC,951803,2019-04-07 00:15:24 UTC,2019-05-02 14:49:34 UTC,research,CC-BY,https://static.inaturalist.org/photos/34240072/medium.jpg,false,"Geisel Library, San Diego, CA, US",32.8811533333,-117.2366416667,10,,open,false,San Diego,California,United States,Great Basin Fence Lizard,Sceloporus occidentalis longipes,Great Basin Fence Lizard,Reptilia,36207
22523348,Mon Apr 15 2019 12:19:36 GMT-0700 (PDT),2019-04-15,2019-04-15 19:19:36 UTC,1470662,2019-04-15 19:21:26 UTC,2019-04-17 21:04:54 UTC,research,CC-BY-NC,https://inaturalist-open-data.s3.amazonaws.com/photos/34895145/medium.jpg,false,"University of California, San Diego, San Diego, CA, US",32.88187,-117.2407383333,10,,open,false,San Diego,California,United States,Western Fence Lizard,Sceloporus occidentalis,Western Fence Lizard,Reptilia,36204
22916356,2019-04-07 3:48:43 PM PDT,2019-04-07,2019-04-07 22:48:43 UTC,1649569,2019-04-23 00:27:25 UTC,2019-04-26 20:55:33 UTC,research,,https://static.inaturalist.org/photos/35521207/medium.jpeg,false,"Price Center, San Diego, CA 92093, USA",32.8793185555,-117.2375750542,132,,open,false,San Diego,California,United States,Southern Alligator Lizard,Elgaria multicarinata,Southern Alligator Lizard,Reptilia,32055
25233240,Thu May 16 2019 14:10:19 GMT-0700 (PDT),2019-05-16,2019-05-16 21:10:19 UTC,168925,2019-05-16 21:11:58 UTC,2025-07-01 21:31:40 UTC,research,CC-BY-NC,https://inaturalist-open-data.s3.amazonaws.com/photos/39062035/medium.jpg,false,"University of California, San Diego, San Diego, CA, US",32.8864823517,-117.2421206444,22,,open,false,San Diego,California,United States,Great Basin Fence Lizard,Sceloporus occidentalis longipes,Great Basin Fence Lizard,Reptilia,36207
25240730,Thu May 16 2019 16:01:52 GMT-0700 (PDT),2019-05-16,2019-05-16 23:01:52 UTC,1048724,2019-05-17 00:02:17 UTC,2019-05-17 00:29:34 UTC,research,,https://static.inaturalist.org/photos/39074612/medium.jpg,false,"University of California, San Diego, San Diego, CA, US",32.8778760744,-117.2194476454,20,,open,false,San Diego,California,United States,Southern Alligator Lizard,Elgaria multicarinata,Southern Alligator Lizard,Reptilia,32055
25694813,2019-05-24 1:56:58 PM PDT,2019-05-24,2019-05-24 20:56:58 UTC,1731574,2019-05-24 21:00:33 UTC,2019-05-30 22:57:43 UTC,research,CC-BY-NC,https://inaturalist-open-data.s3.amazonaws.com/photos/39825623/medium.jpeg,false,"Galbraith Hall, San Diego, CA 92161, USA",32.87433076,-117.24049315,3,,open,false,San Diego,California,United States,Western Fence Lizard,Sceloporus occidentalis,Western Fence Lizard,Reptilia,36204
25694852,2019-05-24 1:59:42 PM PDT,2019-05-24,2019-05-24 20:59:42 UTC,1731574,2019-05-24 21:01:24 UTC,2019-05-30 22:57:27 UTC,research,CC-BY-NC,https://inaturalist-open-data.s3.amazonaws.com/photos/39825687/medium.jpeg,false,"Galbraith Hall, San Diego, CA 92161, USA",32.87435091,-117.2404708,3,,open,false,San Diego,California,United States,Western Fence Lizard,Sceloporus occidentalis,Western Fence Lizard,Reptilia,36204
26034188,Wed May 29 2019 14:36:21 GMT-0700 (PDT),2019-05-29,2019-05-29 21:36:21 UTC,1687775,2019-05-30 01:17:19 UTC,2019-06-01 22:47:36 UTC,research,CC-BY-NC,https://inaturalist-open-data.s3.amazonaws.com/photos/40389506/medium.jpg,false,"RIMAC Arena, San Diego, CA, US",32.8876900367,-117.2407624521,42,,open,false,San Diego,California,United States,Great Basin Fence Lizard,Sceloporus occidentalis longipes,Great Basin Fence Lizard,Reptilia,36207
26148028,Thu May 30 2019 14:59:13 GMT-0700 (PDT),2019-05-30,2019-05-30 21:59:13 UTC,1601248,2019-06-01 00:41:29 UTC,2020-10-14 20:37:58 UTC,research,,https://static.inaturalist.org/photos/40574467/medium.jpg,false,"University of California, San Diego, San Diego, CA, US",32.8720383333,-117.2346633333,10,,open,false,San Diego,California,United States,California King Snake,Lampropeltis californiae,California King Snake,Reptilia,146199
26522922,2019-06-06 4:43:20 PM PDT,2019-06-06,2019-06-06 23:43:20 UTC,1731574,2019-06-06 23:43:54 UTC,2019-06-10 01:58:17 UTC,research,CC-BY-NC,https://inaturalist-open-data.s3.amazonaws.com/photos/41191443/medium.jpeg,false,"San Diego County, US-CA, US",32.8806505,-117.2376485,8,,open,false,San Diego,California,United States,Great Basin Fence Lizard,Sceloporus occidentalis longipes,Great Basin Fence Lizard,Reptilia,36207
27780057,2019-06-27 3:12:49 PM PDT,2019-06-27,2019-06-27 22:12:49 UTC,1921632,2019-06-27 22:21:29 UTC,2021-06-29 13:44:13 UTC,research,,https://static.inaturalist.org/photos/43258314/medium.jpeg,false,"San Diego, CA 92093, USA",32.8886222839,-117.2379455566,,,open,false,San Diego,California,United States,California King Snake,Lampropeltis californiae,California King Snake,Reptilia,146199
27780118,2019-06-27 3:12:51 PM PDT,2019-06-27,2019-06-27 22:12:51 UTC,1921632,2019-06-27 22:22:18 UTC,2021-06-29 13:44:09 UTC,research,,https://static.inaturalist.org/photos/43258376/medium.jpeg,false,"San Diego, CA 92093, USA",32.8886222839,-117.2379455566,,,open,false,San Diego,California,United States,California King Snake,Lampropeltis californiae,California King Snake,Reptilia,146199
28555909,Fri Jul 05 2019 12:58:17 GMT-0700 (PDT),2019-07-05,2019-07-05 19:58:17 UTC,76184,2019-07-10 14:38:12 UTC,2026-03-27 07:03:33 UTC,research,CC-BY-NC,https://inaturalist-open-data.s3.amazonaws.com/photos/44522462/medium.jpg,false,"University of California, San Diego, San Diego, CA, US",32.8813333333,-117.2397466667,10,,open,false,San Diego,California,United States,Western Skink,Plestiodon skiltonianus,Western Skink,Reptilia,37769
29029888,2019/07/17 3:45 PM PDT,2019-07-17,2019-07-17 22:45:00 UTC,724795,2019-07-18 00:55:45 UTC,2020-03-25 06:00:34 UTC,research,CC-BY-NC,https://inaturalist-open-data.s3.amazonaws.com/photos/45286705/medium.jpeg,false,"La Jolla, San Diego, CA, USA",32.8860690955,-117.2364351899,199,,open,false,San Diego,California,United States,San Diego Alligator Lizard,Elgaria multicarinata webbii,San Diego Alligator Lizard,Reptilia,32058
34387455,Tue Oct 08 2019 13:51:40 GMT-0700 (PDT),2019-10-08,2019-10-08 20:51:40 UTC,1601248,2019-10-15 00:27:53 UTC,2019-10-15 21:32:21 UTC,research,,https://static.inaturalist.org/photos/54113817/medium.jpg,false,"University of California, San Diego, San Diego, CA, US",32.8720883333,-117.23448,10,,open,false,San Diego,California,United States,Western Skink,Plestiodon skiltonianus,Western Skink,Reptilia,37769
34762698,2019-10-22 4:24:37 PM PDT,2019-10-22,2019-10-22 23:24:37 UTC,10285,2019-10-23 01:02:32 UTC,2023-02-15 22:39:37 UTC,research,CC-BY-NC,https://inaturalist-open-data.s3.amazonaws.com/photos/54750205/medium.jpg,false,University City,32.8773536682,-117.2270736694,,,open,false,San Diego,California,United States,Western Side-blotched Lizard,Uta stansburiana elegans,Western Side-blotched Lizard,Reptilia,36100
39020795,2020/02/21 2:06 PM PST,2020-02-21,2020-02-21 22:06:00 UTC,724795,2020-02-21 22:56:59 UTC,2022-01-13 21:16:08 UTC,research,CC-BY-NC,https://inaturalist-open-data.s3.amazonaws.com/photos/61918587/medium.jpg,false,"Torrey Pines, San Diego, CA, USA",32.8874909722,-117.236698,,,open,false,San Diego,California,United States,Southern Pacific Rattlesnake,Crotalus oreganus helleri,Southern Pacific Rattlesnake,Reptilia,30713
39326432,2020-02-28 11:18:25 AM PST,2020-02-28,2020-02-28 19:18:25 UTC,1422818,2020-02-28 20:40:18 UTC,2025-04-03 23:36:20 UTC,research,CC-BY-NC,https://inaturalist-open-data.s3.amazonaws.com/photos/62375461/medium.jpeg,false,"San Diego, CA 92161, USA",32.8804740906,-117.2388305664,5,,open,false,San Diego,California,United States,Western Skink,Plestiodon skiltonianus,Western Skink,Reptilia,37769
39865086,2020/03/11 3:13 PM PDT,2020-03-11,2020-03-11 22:13:00 UTC,724795,2020-03-12 01:22:36 UTC,2024-04-17 20:01:03 UTC,research,CC-BY-NC,https://inaturalist-open-data.s3.amazonaws.com/photos/63290525/medium.jpg,false,"Torrey Pines, San Diego, CA, USA",32.887788,-117.2343079722,,,,false,San Diego,California,United States,Sceloporine Lizards,Sceloporinae,Sceloporine Lizards,Reptilia,797562
41334981,2018/08/08 1:44 AM PDT,2018-08-08,2018-08-08 08:44:00 UTC,999040,2020-04-04 01:09:22 UTC,2025-07-01 21:56:35 UTC,research,CC-BY-NC,https://inaturalist-open-data.s3.amazonaws.com/photos/65563151/medium.jpg,false,"University City, San Diego, CA, USA",32.8790332146,-117.2278122939,97,,open,false,San Diego,California,United States,Western Fence Lizard,Sceloporus occidentalis,Western Fence Lizard,Reptilia,36204
41656109,2020/03/05 11:54 AM PST,2020-03-05,2020-03-05 19:54:00 UTC,10285,2020-04-08 00:58:43 UTC,2023-02-15 22:39:05 UTC,research,CC-BY-NC,https://inaturalist-open-data.s3.amazonaws.com/photos/66083725/medium.jpg,false,University City,32.8787266667,-117.22059,,,open,false,San Diego,California,United States,Western Side-blotched Lizard,Uta stansburiana elegans,Western Side-blotched Lizard,Reptilia,36100
43185077,Fri Apr 24 2020 13:50:18 GMT-0700 (PDT),2020-04-24,2020-04-24 20:50:18 UTC,1568536,2020-04-24 21:53:22 UTC,2022-01-11 20:43:30 UTC,research,CC-BY-NC,https://inaturalist-open-data.s3.amazonaws.com/photos/68619646/medium.jpg,false,"University of California San Diego Park, San Diego, CA, US",32.8870914159,-117.236018671,390,,open,false,San Diego,California,United States,Southern Pacific Rattlesnake,Crotalus oreganus helleri,Southern Pacific Rattlesnake,Reptilia,30713
44528453,Mon Jun 25 2018 13:38:38 GMT-0700 (PDT),2018-06-25,2018-06-25 20:38:38 UTC,2844672,2020-05-01 22:41:09 UTC,2026-03-27 06:56:31 UTC,research,CC-BY-NC,https://inaturalist-open-data.s3.amazonaws.com/photos/70596958/medium.jpg,false,"Revelle College, San Diego, CA, US",32.87493,-117.2395783333,,,open,false,San Diego,California,United States,Western Skink,Plestiodon skiltonianus,Western Skink,Reptilia,37769
44565168,Sun Feb 12 2017 14:14:30 GMT-0800 (PST),2017-02-12,2017-02-12 14:14:30 UTC,2844672,2020-05-02 08:03:55 UTC,2020-05-02 15:43:21 UTC,research,CC-BY-NC,https://inaturalist-open-data.s3.amazonaws.com/photos/70657823/medium.jpg,false,"Revelle College, San Diego, CA, US",32.8733633333,-117.2413466667,,,open,false,San Diego,California,United States,Western Skink,Plestiodon skiltonianus,Western Skink,Reptilia,37769
50306618,2020-06-19 1:33:04 PM PDT,2020-06-19,2020-06-19 20:33:04 UTC,3063431,2020-06-20 18:56:48 UTC,2020-06-23 20:16:34 UTC,research,,https://static.inaturalist.org/photos/79880361/medium.jpeg,false,"San Diego, CA 92161, USA",32.8815722222,-117.24005,,,open,false,San Diego,California,United States,Western Fence Lizard,Sceloporus occidentalis,Western Fence Lizard,Reptilia,36204
52646532,2020-07-10T18:26:54-07:00,2020-07-11,2020-07-11 01:26:54 UTC,3264106,2020-07-11 04:51:54 UTC,2025-07-01 22:11:55 UTC,research,CC-BY-NC,https://inaturalist-open-data.s3.amazonaws.com/photos/83703735/medium.jpeg,false,San Diego,32.8867775374,-117.2360357001,92,,open,false,San Diego,California,United States,Western Fence Lizard,Sceloporus occidentalis,Western Fence Lizard,Reptilia,36204
54260489,Thu Jul 23 2020 17:29:23 GMT-0700 (PDT),2020-07-23,2020-07-24 00:29:23 UTC,1568536,2020-07-25 12:52:31 UTC,2020-07-25 13:51:20 UTC,research,CC-BY-NC,https://inaturalist-open-data.s3.amazonaws.com/photos/86331701/medium.jpg,false,"University of California, San Diego, San Diego, CA, US",32.88190833,-117.23927167,14,,open,false,San Diego,California,United States,Western Fence Lizard,Sceloporus occidentalis,Western Fence Lizard,Reptilia,36204
54260664,Fri Jul 03 2020 15:37:58 GMT-0700 (PDT),2020-07-03,2020-07-03 22:37:58 UTC,1568536,2020-07-25 12:54:53 UTC,2023-06-11 06:23:08 UTC,research,CC-BY-NC,https://inaturalist-open-data.s3.amazonaws.com/photos/86332041/medium.jpg,false,"University of California San Diego Park, San Diego, CA, US",32.88708667,-117.23812167,39,,open,false,San Diego,California,United States,Western Fence Lizard,Sceloporus occidentalis,Western Fence Lizard,Reptilia,36204
57233792,2020-08-22 8:10:40 AM PDT,2020-08-22,2020-08-22 15:10:40 UTC,1422818,2020-08-22 16:41:10 UTC,2020-08-24 21:14:45 UTC,research,CC-BY-NC,https://inaturalist-open-data.s3.amazonaws.com/photos/91274257/medium.jpg,false,"San Diego, CA 92161, USA",32.8832740784,-117.2387008667,,,open,false,San Diego,California,United States,Western Fence Lizard,Sceloporus occidentalis,Western Fence Lizard,Reptilia,36204
59009760,Tue Sep 08 2020 17:34:24 GMT-0700 (PDT),2020-09-08,2020-09-09 00:34:24 UTC,2779530,2020-09-09 01:44:41 UTC,2020-09-12 05:48:17 UTC,research,CC-BY-NC,https://inaturalist-open-data.s3.amazonaws.com/photos/94252090/medium.jpg,false,"University of California San Diego Park, San Diego, CA, US",32.88616167,-117.23779167,13,,open,false,San Diego,California,United States,Great Basin Fence Lizard,Sceloporus occidentalis longipes,Great Basin Fence Lizard,Reptilia,36207
63790681,Thu Oct 29 2020 15:56:50 GMT-0700 (PDT),2020-10-29,2020-10-29 22:56:50 UTC,1601248,2020-10-29 22:58:54 UTC,2020-10-30 15:18:16 UTC,research,,https://static.inaturalist.org/photos/102439754/medium.jpg,false,"University of California, San Diego, San Diego, CA, US",32.87293333,-117.23461167,25,,open,false,San Diego,California,United States,Southern Alligator Lizard,Elgaria multicarinata,Southern Alligator Lizard,Reptilia,32055
68898360,Sun Jan 31 2021 12:22:39 GMT-0800 (PST),2021-01-31,2021-01-31 20:22:39 UTC,1379195,2021-02-01 02:39:31 UTC,2025-07-01 22:29:21 UTC,research,,https://static.inaturalist.org/photos/111675057/medium.jpg,false,"University of California - San Diego, San Diego, CA, US",32.8786610213,-117.2307060855,22,,open,false,San Diego,California,United States,Western Fence Lizard,Sceloporus occidentalis,Western Fence Lizard,Reptilia,36204
69844548,2021/02/18 10:55 AM PST,2021-02-18,2021-02-18 18:55:00 UTC,10285,2021-02-20 04:28:47 UTC,2023-02-15 22:38:58 UTC,research,CC-BY-NC,https://inaturalist-open-data.s3.amazonaws.com/photos/113428910/medium.jpg,false,University City,32.87672,-117.2201716667,,,open,false,San Diego,California,United States,Western Side-blotched Lizard,Uta stansburiana elegans,Western Side-blotched Lizard,Reptilia,36100
71680390,Sun Mar 14 2021 16:35:00 GMT-0700 (PDT),2021-03-14,2021-03-14 23:35:00 UTC,1568536,2021-03-21 04:01:55 UTC,2021-03-30 06:52:41 UTC,research,CC-BY-NC,https://inaturalist-open-data.s3.amazonaws.com/photos/116739176/medium.jpg,false,"University of California San Diego Park, San Diego, CA, US",32.8867033333,-117.2381133333,4,,open,false,San Diego,California,United States,Western Fence Lizard,Sceloporus occidentalis,Western Fence Lizard,Reptilia,36204
71680700,Sun Mar 14 2021 16:34:37 GMT-0700 (PDT),2021-03-14,2021-03-14 23:34:37 UTC,1568536,2021-03-21 04:06:35 UTC,2021-03-30 06:52:39 UTC,research,CC-BY-NC,https://inaturalist-open-data.s3.amazonaws.com/photos/116945472/medium.jpg,false,"University of California San Diego Park, San Diego, CA, US",32.8867083333,-117.2381583333,3,,open,false,San Diego,California,United States,Western Fence Lizard,Sceloporus occidentalis,Western Fence Lizard,Reptilia,36204
72556846,Wed Mar 31 2021 14:01:33 GMT-0700 (PDT),2021-03-31,2021-03-31 21:01:33 UTC,3075815,2021-03-31 21:02:05 UTC,2023-03-03 17:42:26 UTC,research,,https://static.inaturalist.org/photos/120706237/medium.jpg,false,"University of California - San Diego, San Diego, CA, US",32.8864426472,-117.2425566463,4,,open,false,San Diego,California,United States,Western Fence Lizard,Sceloporus occidentalis,Western Fence Lizard,Reptilia,36204
77355450,Tue May 04 2021 15:07:29 GMT-0700 (PDT),2021-05-04,2021-05-04 22:07:29 UTC,1379195,2021-05-04 22:09:02 UTC,2025-07-01 22:39:32 UTC,research,,https://static.inaturalist.org/photos/126502490/medium.jpg,false,"University of California - San Diego, San Diego, CA, US",32.8778699078,-117.2301213746,65,,open,false,San Diego,California,United States,Western Fence Lizard,Sceloporus occidentalis,Western Fence Lizard,Reptilia,36204
77370806,2021/05/03 10:03 AM HST,2021-05-03,2021-05-03 20:03:00 UTC,747635,2021-05-04 23:55:43 UTC,2025-07-01 22:39:37 UTC,research,CC-BY-NC,https://inaturalist-open-data.s3.amazonaws.com/photos/126527392/medium.jpeg,false,"University City, San Diego, CA, USA",32.8772224171,-117.2230412816,81,,open,false,San Diego,California,United States,Bejori de Cerca Occidental,Sceloporus occidentalis,Western Fence Lizard,Reptilia,36204
77370826,2021/05/03 10:08 AM HST,2021-05-03,2021-05-03 20:08:00 UTC,747635,2021-05-04 23:55:45 UTC,2025-07-01 22:39:38 UTC,research,CC-BY-NC,https://inaturalist-open-data.s3.amazonaws.com/photos/126527651/medium.jpeg,false,"University City, San Diego, CA, USA",32.8772224171,-117.2230412816,81,,open,false,San Diego,California,United States,Western Fence Lizard,Sceloporus occidentalis,Western Fence Lizard,Reptilia,36204
79607062,2021-05-20 21:05:48,2021-05-20,2021-05-21 04:05:48 UTC,4279720,2021-05-21 04:27:34 UTC,2021-05-23 04:13:57 UTC,research,,https://static.inaturalist.org/photos/130406117/medium.jpeg,false,"San Diego, CA 92093, USA",32.8877708902,-117.2369125485,70,,open,false,San Diego,California,United States,Western Fence Lizard,Sceloporus occidentalis,Western Fence Lizard,Reptilia,36204
80538814,Thu May 27 2021 16:13:06 GMT-0700 (PDT),2021-05-27,2021-05-27 23:13:06 UTC,4184207,2021-05-27 23:14:28 UTC,2021-05-29 00:53:53 UTC,research,CC-BY-NC,https://inaturalist-open-data.s3.amazonaws.com/photos/132014260/medium.jpg,false,"University of California - San Diego, San Diego, CA, US",32.8772284147,-117.2280523767,5,,open,false,San Diego,California,United States,Western Fence Lizard,Sceloporus occidentalis,Western Fence Lizard,Reptilia,36204
81079458,Thu May 27 2021 16:12:55 GMT-0700 (PDT),2021-05-27,2021-05-27 23:12:55 UTC,2676880,2021-05-31 19:51:24 UTC,2025-07-01 22:45:20 UTC,research,CC-BY-NC,https://inaturalist-open-data.s3.amazonaws.com/photos/132948416/medium.jpg,false,"San Diego County, US-CA, US",32.8791817004,-117.2368487427,7,,open,false,San Diego,California,United States,Western Fence Lizard,Sceloporus occidentalis,Western Fence Lizard,Reptilia,36204
82189205,Tue Jun 08 2021 11:30:36 GMT -0700 (PDT),2021-06-08,2021-06-08 18:30:36 UTC,3786877,2021-06-08 18:30:44 UTC,2025-07-02 03:50:43 UTC,research,CC-BY,https://inaturalist-open-data.s3.amazonaws.com/photos/134874244/medium.jpeg,false,San Diego,32.8774375916,-117.2256164551,31,,open,false,San Diego,California,United States,Great Basin Fence Lizard,Sceloporus occidentalis longipes,Great Basin Fence Lizard,Reptilia,36207
83821691,2021/06/08 11:33 AM PDT,2021-06-08,2021-06-08 18:33:00 UTC,3786877,2021-06-20 18:24:02 UTC,2025-07-01 22:50:52 UTC,research,CC-BY,https://inaturalist-open-data.s3.amazonaws.com/photos/137696716/medium.jpg,false,"University City, San Diego, CA, USA",32.8761888889,-117.2244611111,,,open,false,San Diego,California,United States,Western Fence Lizard,Sceloporus occidentalis,Western Fence Lizard,Reptilia,36204
85018755,Tue Jun 29 2021 13:57:01 GMT-0700 (PDT),2021-06-29,2021-06-29 20:57:01 UTC,94128,2021-06-29 20:59:53 UTC,2026-03-28 05:06:31 UTC,research,CC-BY-NC,https://inaturalist-open-data.s3.amazonaws.com/photos/140555447/medium.jpg,false,"Revelle College, San Diego, CA, US",32.874755,-117.240975,17,,open,false,San Diego,California,United States,Western Skink,Plestiodon skiltonianus,Western Skink,Reptilia,37769
85999604,2021/07/05 11:54 AM PDT,2021-07-05,2021-07-05 18:54:00 UTC,2729867,2021-07-07 04:29:37 UTC,2021-07-07 20:14:09 UTC,research,CC-BY-NC,https://inaturalist-open-data.s3.amazonaws.com/photos/141585148/medium.jpeg,false,"La Jolla, San Diego, CA, USA",32.8801936799,-117.2386326734,8,,open,false,San Diego,California,United States,Sceloporus occidentalis longipes,Sceloporus occidentalis longipes,Great Basin Fence Lizard,Reptilia,36207
87581549,2021-07-16 10:33:33,2021-07-16,2021-07-16 17:33:33 UTC,2697235,2021-07-18 17:16:50 UTC,2021-07-28 22:35:31 UTC,research,CC-BY,https://inaturalist-open-data.s3.amazonaws.com/photos/144410791/medium.jpeg,false,"San Diego County, US-CA, US",32.885786,-117.229752,,,open,false,San Diego,California,United States,Eslizón occidental,Plestiodon skiltonianus,Western Skink,Reptilia,37769
95499174,Sat Sep 18 2021 16:01:11 GMT-0700 (PDT),2021-09-18,2021-09-18 23:01:11 UTC,2302714,2021-09-20 03:33:22 UTC,2021-09-29 04:05:46 UTC,research,CC0,https://static.inaturalist.org/photos/158676767/medium.jpg,false,"University of California - San Diego, San Diego, CA, US",32.87877,-117.234375,43,,open,false,San Diego,California,United States,Southern Alligator Lizard,Elgaria multicarinata,Southern Alligator Lizard,Reptilia,32055
98298393,Fri Oct 15 2021 11:05:13 GMT-0700 (PDT),2021-10-15,2021-10-15 18:05:13 UTC,2302714,2021-10-15 18:11:50 UTC,2021-10-17 03:51:26 UTC,research,CC0,https://static.inaturalist.org/photos/163626175/medium.jpg,false,"Torrey Pines, San Diego, CA, US",32.881405,-117.2364283333,28,,open,false,San Diego,California,United States,Bejori de Cerca Occidental,Sceloporus occidentalis,Western Fence Lizard,Reptilia,36204
100013506,Fri Oct 29 2021 11:13:10 GMT-0700 (PDT),2021-10-29,2021-10-29 18:13:10 UTC,2302714,2021-11-01 21:35:51 UTC,2021-11-02 16:24:41 UTC,research,CC0,https://static.inaturalist.org/photos/166859663/medium.jpg,false,"Engineers Ln, San Diego, CA, US",32.881245,-117.2359783333,37,,open,false,San Diego,California,United States,Western Fence Lizard,Sceloporus occidentalis,Western Fence Lizard,Reptilia,36204
102890542,Thu Aug 12 2021 22:07:30 GMT-0700 (PDT),2021-08-12,2021-08-13 05:07:30 UTC,4162957,2021-12-11 21:28:02 UTC,2021-12-26 15:54:06 UTC,research,CC-BY-NC,https://inaturalist-open-data.s3.amazonaws.com/photos/172091027/medium.jpg,false,"Rupertus Way, San Diego, CA, US",32.8803116667,-117.2373283333,4,,open,false,San Diego,California,United States,Southern Alligator Lizard,Elgaria multicarinata,Southern Alligator Lizard,Reptilia,32055
106945861,Thu Feb 17 2022 15:26:18 GMT-0800 (PST),2022-02-17,2022-02-17 23:26:18 UTC,1825038,2022-02-17 23:34:44 UTC,2022-02-18 17:12:02 UTC,research,,https://inaturalist-open-data.s3.amazonaws.com/photos/179770239/medium.jpg,false,"UCSD - Clinical and Translational Research Institute, San Diego, CA, US",32.8786133333,-117.2271883333,30,,open,false,San Diego,California,United States,Southern Alligator Lizard,Elgaria multicarinata,Southern Alligator Lizard,Reptilia,32055
108267760,Wed Mar 09 2022 13:14:00 GMT-0800 (PST),2022-03-09,2022-03-09 21:14:00 UTC,5395099,2022-03-09 23:15:01 UTC,2022-03-10 07:03:48 UTC,research,,https://static.inaturalist.org/photos/182255505/medium.jpg,false,"Torrey Pines, San Diego, CA, US",32.885080326,-117.2371785342,263,,open,false,San Diego,California,United States,Southern Alligator Lizard,Elgaria multicarinata,Southern Alligator Lizard,Reptilia,32055
108556310,Sat Mar 12 2022 09:11:05 GMT-0800 (PST),2022-03-12,2022-03-12 17:11:05 UTC,951803,2022-03-14 01:48:42 UTC,2022-03-14 05:49:54 UTC,research,CC-BY,https://static.inaturalist.org/photos/182794643/medium.jpg,false,"UC San Diego, San Diego, CA, US",32.8783533333,-117.2206416667,62,,open,false,San Diego,California,United States,Western Fence Lizard,Sceloporus occidentalis,Western Fence Lizard,Reptilia,36204
109878029,Tue Mar 29 2022 16:20:15 GMT-0700 (PDT),2022-03-29,2022-03-29 23:20:15 UTC,5455887,2022-03-29 23:20:39 UTC,2022-03-31 03:57:22 UTC,research,,https://static.inaturalist.org/photos/185269539/medium.jpg,false,"Torrey Pines, San Diego, CA, US",32.8814585683,-117.2365548924,5,,open,false,San Diego,California,United States,Western Fence Lizard,Sceloporus occidentalis,Western Fence Lizard,Reptilia,36204
110618392,2022/04/06 1:48 PM PDT,2022-04-06,2022-04-06 20:48:00 UTC,4636608,2022-04-06 23:32:49 UTC,2025-07-01 23:14:47 UTC,research,CC-BY-NC,https://inaturalist-open-data.s3.amazonaws.com/photos/186633082/medium.jpeg,false,"La Jolla, San Diego, CA, USA",32.876984754,-117.233042618,2,,open,false,San Diego,California,United States,Western Fence Lizard,Sceloporus occidentalis,Western Fence Lizard,Reptilia,36204
111112097,2022/04/09 2:31 PM PDT,2022-04-09,2022-04-09 21:31:00 UTC,4636608,2022-04-11 17:43:10 UTC,2022-04-11 23:16:04 UTC,research,CC-BY-NC,https://inaturalist-open-data.s3.amazonaws.com/photos/187531442/medium.jpeg,false,"La Jolla, San Diego, CA, USA",32.8760926315,-117.2302928173,2,,open,false,San Diego,California,United States,Bejori de Cerca Occidental,Sceloporus occidentalis,Western Fence Lizard,Reptilia,36204
112482325,2022-04-22 11:11:01-07:00,2022-04-22,2022-04-22 18:11:01 UTC,76184,2022-04-23 05:46:09 UTC,2022-04-23 06:59:29 UTC,research,CC-BY-NC,https://inaturalist-open-data.s3.amazonaws.com/photos/189993120/medium.jpg,false,"UC San Diego, San Diego, CA, US",32.88652,-117.2422416667,14,,open,false,San Diego,California,United States,Western Fence Lizard,Sceloporus occidentalis,Western Fence Lizard,Reptilia,36204
116022595,2022-05-07 20:08:27-07:00,2022-05-07,2022-05-08 03:08:27 UTC,780267,2022-05-08 03:11:08 UTC,2022-05-08 16:36:46 UTC,research,,https://static.inaturalist.org/photos/195820199/medium.jpg,false,"Scholars Dr N, San Diego, CA, US",32.88623,-117.2406833333,3,,open,false,San Diego,California,United States,Southern Alligator Lizard,Elgaria multicarinata,Southern Alligator Lizard,Reptilia,32055
116618726,2022/04/14 1:04 PM,2022-04-14,2022-04-14 20:04:00 UTC,4636608,2022-05-11 22:34:22 UTC,2022-05-27 00:17:23 UTC,research,CC-BY-NC,https://inaturalist-open-data.s3.amazonaws.com/photos/196868513/medium.jpeg,false,"La Jolla, San Diego, CA, USA",32.8761665611,-117.2307844514,2,,open,false,San Diego,California,United States,Western Fence Lizard,Sceloporus occidentalis,Western Fence Lizard,Reptilia,36204
116803832,2022-05-06 11:37:04,2022-05-06,2022-05-06 18:37:04 UTC,5465003,2022-05-13 08:38:02 UTC,2023-05-04 20:11:33 UTC,research,CC-BY-NC,https://inaturalist-open-data.s3.amazonaws.com/photos/197201536/medium.jpeg,false,"San Diego, CA 92093, USA",32.8890379722,-117.241695,,,open,false,San Diego,California,United States,California King Snake,Lampropeltis californiae,California King Snake,Reptilia,146199
117065148,2022/05/14 8:21 AM,2022-05-14,2022-05-14 15:21:00 UTC,4377465,2022-05-15 00:49:44 UTC,2022-05-15 06:08:13 UTC,research,CC-BY-NC,https://inaturalist-open-data.s3.amazonaws.com/photos/197660316/medium.jpg,false,"University City, San Diego, CA, USA",32.8784565736,-117.2273830779,29,,open,false,San Diego,California,United States,Southern Alligator Lizard,Elgaria multicarinata,Southern Alligator Lizard,Reptilia,32055
117815516,2022/05/16 1:46 PM,2022-05-16,2022-05-16 20:46:00 UTC,4636608,2022-05-20 02:56:00 UTC,2022-05-27 00:12:42 UTC,research,CC-BY-NC,https://inaturalist-open-data.s3.amazonaws.com/photos/199006379/medium.jpeg,false,"La Jolla, San Diego, CA, USA",32.8772270814,-117.2332737791,8,,open,false,San Diego,California,United States,Western Fence Lizard,Sceloporus occidentalis,Western Fence Lizard,Reptilia,36204
118480615,2022-05-23 12:08:40-07:00,2022-05-23,2022-05-23 19:08:40 UTC,5720587,2022-05-24 05:55:19 UTC,2025-07-01 23:25:14 UTC,research,CC-BY-NC,https://inaturalist-open-data.s3.amazonaws.com/photos/200186813/medium.jpg,false,"Thurgood Marshall College, San Diego, CA, US",32.8828416667,-117.241945,6,,open,false,San Diego,California,United States,Western Fence Lizard,Sceloporus occidentalis,Western Fence Lizard,Reptilia,36204
119538116,2022-05-27 11:49:49-07:00,2022-05-27,2022-05-27 18:49:49 UTC,5668385,2022-05-31 03:27:33 UTC,2026-03-28 05:10:12 UTC,research,CC-BY-NC,https://inaturalist-open-data.s3.amazonaws.com/photos/202084941/medium.jpg,false,"Revelle College, San Diego, CA, US",32.8741,-117.2413866667,4,,open,false,San Diego,California,United States,Western Skink,Plestiodon skiltonianus,Western Skink,Reptilia,37769
120079201,2022-05-25 15:22:15-07:00,2022-05-25,2022-05-25 22:22:15 UTC,5767249,2022-06-03 22:52:53 UTC,2025-06-17 15:25:39 UTC,research,,https://static.inaturalist.org/photos/203056713/medium.jpg,false,"York Ln, San Diego, CA, US",32.8744821843,-117.2400054497,30,,open,false,San Diego,California,United States,Western Skink,Plestiodon skiltonianus,Western Skink,Reptilia,37769
120114465,2022-06-03 22:11:00-07:00,2022-06-03,2022-06-04 05:11:00 UTC,5689796,2022-06-04 05:24:58 UTC,2026-02-26 00:28:19 UTC,research,CC-BY-NC,https://inaturalist-open-data.s3.amazonaws.com/photos/203123001/medium.jpg,false,"UC San Diego, San Diego, CA, US",32.8806097865,-117.2343257757,93,,open,false,San Diego,California,United States,Pond Slider,Trachemys scripta,Pond Slider,Reptilia,39782
125824624,2022-07-07 13:48:34-07:00,2022-07-07,2022-07-07 20:48:34 UTC,5862490,2022-07-11 19:23:58 UTC,2026-03-28 05:11:30 UTC,research,CC-BY-NC,https://inaturalist-open-data.s3.amazonaws.com/photos/213418831/medium.jpg,false,"Thurgood Marshall College, San Diego, CA, US",32.8807333333,-117.239625,35,,open,false,San Diego,California,United States,Western Skink,Plestiodon skiltonianus,Western Skink,Reptilia,37769
135949538,2022/09/21 11:39 AM,2022-09-21,2022-09-21 18:39:00 UTC,4636608,2022-09-21 19:03:43 UTC,2022-09-22 16:39:59 UTC,research,CC-BY-NC,https://inaturalist-open-data.s3.amazonaws.com/photos/231949891/medium.jpeg,false,"La Jolla, San Diego, CA, USA",32.8828566996,-117.2407844637,1,,open,false,San Diego,California,United States,Bejori de Cerca Occidental,Sceloporus occidentalis,Western Fence Lizard,Reptilia,36204
136195860,Fri Sep 23 2022 12:52:43 GMT -0700 (PDT),2022-09-23,2022-09-23 19:52:43 UTC,4636608,2022-09-23 19:54:43 UTC,2025-07-01 11:46:34 UTC,research,CC-BY-NC,https://inaturalist-open-data.s3.amazonaws.com/photos/232406142/medium.jpeg,false,San Diego,32.8826789856,-117.239151001,8,,open,false,San Diego,California,United States,Western Fence Lizard,Sceloporus occidentalis,Western Fence Lizard,Reptilia,36204
136306033,2022/09/24 10:04 AM,2022-09-24,2022-09-24 17:04:00 UTC,3010130,2022-09-24 17:35:32 UTC,2022-09-24 19:39:40 UTC,research,CC-BY-NC,https://inaturalist-open-data.s3.amazonaws.com/photos/232607223/medium.jpeg,false,"La Jolla, San Diego, CA, USA",32.8886266092,-117.2375981398,4,,open,false,San Diego,California,United States,Sceloporus occidentalis longipes,Sceloporus occidentalis longipes,Great Basin Fence Lizard,Reptilia,36207
136504523,2022/09/25 1:12 PM,2022-09-25,2022-09-25 20:12:00 UTC,3010130,2022-09-25 23:00:52 UTC,2022-10-10 03:40:03 UTC,research,CC-BY-NC,https://inaturalist-open-data.s3.amazonaws.com/photos/232953558/medium.jpeg,false,"La Jolla, San Diego, CA, USA",32.8875115108,-117.2434918235,4,,open,false,San Diego,California,United States,Great Basin Fence Lizard,Sceloporus occidentalis longipes,Great Basin Fence Lizard,Reptilia,36207
136750213,2022/09/27 14:42,2022-09-27,2022-09-27 21:42:00 UTC,4213402,2022-09-27 23:27:35 UTC,2023-08-27 09:56:20 UTC,research,CC-BY-NC,https://static.inaturalist.org/photos/233437857/medium.jpg,false,美国加利福尼亚圣迭戈拉霍亚,32.8821933333,-117.2391716667,,,open,false,San Diego,California,United States,Western Fence Lizard,Sceloporus occidentalis,Western Fence Lizard,Reptilia,36204
136882876,2022/09/26 10:40 AM,2022-09-26,2022-09-26 17:40:00 UTC,3010130,2022-09-29 04:25:36 UTC,2023-02-19 01:06:06 UTC,research,CC-BY-NC,https://inaturalist-open-data.s3.amazonaws.com/photos/233686538/medium.jpeg,false,"La Jolla, San Diego, CA, USA",32.8799725552,-117.239978755,2,,open,false,San Diego,California,United States,Western Side-blotched Lizard,Uta stansburiana elegans,Western Side-blotched Lizard,Reptilia,36100
137220564,2022/10/01 11:37,2022-10-01,2022-10-01 18:37:00 UTC,4213402,2022-10-02 00:19:37 UTC,2023-08-27 09:56:53 UTC,research,CC-BY-NC,https://static.inaturalist.org/photos/234313955/medium.jpg,false,美国加利福尼亚圣迭戈拉霍亚,32.8831783333,-117.2396783333,,,open,false,San Diego,California,United States,Western Fence Lizard,Sceloporus occidentalis,Western Fence Lizard,Reptilia,36204
138053100,2022-10-08 17:02:48-07:00,2022-10-08,2022-10-09 00:02:48 UTC,780267,2022-10-09 00:04:57 UTC,2023-02-01 21:38:14 UTC,research,,https://static.inaturalist.org/photos/235887370/medium.jpg,false,"Torrey Pines, San Diego, CA, US",32.88772,-117.2337116667,4,,open,false,San Diego,California,United States,Southern Alligator Lizard,Elgaria multicarinata,Southern Alligator Lizard,Reptilia,32055
141247658,2022-03-15 13:14:34-07:00,2022-03-15,2022-03-15 20:14:34 UTC,6304674,2022-11-06 09:51:53 UTC,2023-09-18 16:43:58 UTC,research,CC-BY-NC,https://inaturalist-open-data.s3.amazonaws.com/photos/241933711/medium.jpg,false,"UC San Diego, San Diego, CA, US",32.8871533333,-117.242905,3,,open,false,San Diego,California,United States,Western Fence Lizard,Sceloporus occidentalis,Western Fence Lizard,Reptilia,36204
141820826,2022/11/12 1:24 PM,2022-11-12,2022-11-12 21:24:00 UTC,3010130,2022-11-12 21:13:56 UTC,2022-11-13 05:51:40 UTC,research,CC-BY-NC,https://inaturalist-open-data.s3.amazonaws.com/photos/243041405/medium.jpeg,false,"La Jolla, San Diego, CA, USA",32.88635683,-117.2418376863,2,,open,false,San Diego,California,United States,Sceloporus occidentalis longipes,Sceloporus occidentalis longipes,Great Basin Fence Lizard,Reptilia,36207
141926750,2022/11/13 12:58,2022-11-13,2022-11-13 20:58:00 UTC,4213402,2022-11-13 21:19:59 UTC,2023-08-27 10:00:42 UTC,research,CC-BY-NC,https://static.inaturalist.org/photos/243242792/medium.jpg,false,美国加利福尼亚圣迭戈拉霍亚,32.8831916667,-117.2399283333,,,open,false,San Diego,California,United States,Western Fence Lizard,Sceloporus occidentalis,Western Fence Lizard,Reptilia,36204
150433447,Mon Mar 06 2023 12:17:04 GMT -0800 (PST),2023-03-06,2023-03-06 20:17:04 UTC,5813643,2023-03-06 20:21:57 UTC,2025-07-01 23:48:41 UTC,research,CC-BY-NC,https://inaturalist-open-data.s3.amazonaws.com/photos/260222927/medium.jpeg,false,San Diego,32.8790130615,-117.2304611206,84,,open,false,San Diego,California,United States,Western Fence Lizard,Sceloporus occidentalis,Western Fence Lizard,Reptilia,36204
150595231,2023-03-08 11:52:06,2023-03-08,2023-03-08 19:52:06 UTC,2047141,2023-03-08 19:53:32 UTC,2023-03-09 00:52:31 UTC,research,,https://static.inaturalist.org/photos/259707740/medium.jpeg,false,"San Diego, CA 92093, USA",32.8880222222,-117.2365333333,,,open,false,San Diego,California,United States,Southern Alligator Lizard,Elgaria multicarinata,Southern Alligator Lizard,Reptilia,32055
153575826,2023-04-04 16:24:20-07:00,2023-04-04,2023-04-04 23:24:20 UTC,6451735,2023-04-05 15:51:55 UTC,2023-04-05 15:52:24 UTC,research,CC-BY-NC,https://inaturalist-open-data.s3.amazonaws.com/photos/265267514/medium.jpg,false,"Triton Track, San Diego, CA, US",32.8893166667,-117.2404416667,4,,open,false,San Diego,California,United States,Western Fence Lizard,Sceloporus occidentalis,Western Fence Lizard,Reptilia,36204
153860922,Fri Apr 07 2023 14:49:17 GMT -0700 (PDT),2023-04-07,2023-04-07 21:49:17 UTC,4014177,2023-04-07 21:49:27 UTC,2025-07-01 23:51:45 UTC,research,CC-BY-NC,https://inaturalist-open-data.s3.amazonaws.com/photos/269417144/medium.jpeg,false,San Diego,32.8889160156,-117.2404556274,49,,open,false,San Diego,California,United States,Western Fence Lizard,Sceloporus occidentalis,Western Fence Lizard,Reptilia,36204
153871540,Fri Apr 07 2023 16:33:16 GMT-0700 (PDT),2023-04-07,2023-04-07 23:33:16 UTC,4660335,2023-04-07 23:36:00 UTC,2023-04-08 06:11:15 UTC,research,,https://static.inaturalist.org/photos/265812814/medium.jpg,false,"加州大学圣地亚哥分校, 圣地亚哥, CA, US",32.8728416667,-117.235275,17,,open,false,San Diego,California,United States,Southern Alligator Lizard,Elgaria multicarinata,Southern Alligator Lizard,Reptilia,32055
154528482,2023-04-11 15:24:54-07:00,2023-04-11,2023-04-11 22:24:54 UTC,2246363,2023-04-12 05:48:30 UTC,2023-04-23 06:17:31 UTC,research,CC-BY-NC,https://inaturalist-open-data.s3.amazonaws.com/photos/267020775/medium.jpg,false,"UC San Diego, San Diego, CA, US",32.8790349792,-117.2304317082,23,,open,false,San Diego,California,United States,Lagartija de mancha lateral norteña,Uta stansburiana,Common Side-blotched Lizard,Reptilia,36094
155005165,2023-04-15 10:37:24-07:00,2023-04-15,2023-04-15 17:37:24 UTC,3924291,2023-04-15 17:38:27 UTC,2024-09-01 06:43:39 UTC,research,CC-BY,https://inaturalist-open-data.s3.amazonaws.com/photos/267885787/medium.jpg,false,"Thurgood Marshall College, San Diego, CA, US",32.8819283333,-117.2393716667,22,,open,false,San Diego,California,United States,Bejori de Cerca Occidental,Sceloporus occidentalis,Western Fence Lizard,Reptilia,36204
156162792,2023-04-22 15:11:07-07:00,2023-04-22,2023-04-22 22:11:07 UTC,3924291,2023-04-23 01:44:19 UTC,2024-09-01 06:43:39 UTC,research,CC-BY,https://inaturalist-open-data.s3.amazonaws.com/photos/270000500/medium.jpg,false,"Torrey Pines, San Diego, CA, US",32.8872216667,-117.2357166667,3,,open,false,San Diego,California,United States,Western Fence Lizard,Sceloporus occidentalis,Western Fence Lizard,Reptilia,36204
156165305,2023-04-22 15:52:15-07:00,2023-04-22,2023-04-22 22:52:15 UTC,3924291,2023-04-23 02:02:52 UTC,2024-09-01 06:43:39 UTC,research,CC-BY,https://inaturalist-open-data.s3.amazonaws.com/photos/270005182/medium.jpg,false,"Torrey Pines, San Diego, CA, US",32.887945,-117.2346416667,9,,open,false,San Diego,California,United States,Western Fence Lizard,Sceloporus occidentalis,Western Fence Lizard,Reptilia,36204
156298137,2023-04-23 12:52:35-07:00,2023-04-23,2023-04-23 19:52:35 UTC,108714,2023-04-23 20:05:19 UTC,2024-10-29 20:45:14 UTC,research,CC-BY-NC,https://inaturalist-open-data.s3.amazonaws.com/photos/270250161/medium.jpg,false,"Torrey Pines, San Diego, CA, US",32.88411525,-117.2354727089,183,,open,false,San Diego,California,United States,Gopher Snake,Pituophis catenifer,Gopher Snake,Reptilia,29044
157768401,2023-04-27 14:08:20-07:00,2023-04-27,2023-04-27 21:08:20 UTC,6534098,2023-04-29 20:30:36 UTC,2025-07-01 23:57:38 UTC,research,CC-BY-NC,https://inaturalist-open-data.s3.amazonaws.com/photos/272735170/medium.jpg,false,"UC San Diego, San Diego, CA, US",32.8876001607,-117.2435932043,9,,open,false,San Diego,California,United States,Western Fence Lizard,Sceloporus occidentalis,Western Fence Lizard,Reptilia,36204
160637317,2023-05-08 14:20:23-07:00,2023-05-08,2023-05-08 21:20:23 UTC,5986591,2023-05-08 21:38:40 UTC,2023-05-09 06:13:50 UTC,research,,https://static.inaturalist.org/photos/277596333/medium.jpg,false,"UC San Diego, San Diego, CA, US",32.8829716667,-117.2327333333,21,,open,false,San Diego,California,United States,Southern Alligator Lizard,Elgaria multicarinata,Southern Alligator Lizard,Reptilia,32055
163878283,2023-05-26 13:58:17-07:00,2023-05-26,2023-05-26 20:58:17 UTC,5279392,2023-05-26 21:03:52 UTC,2023-06-12 04:19:06 UTC,research,,https://static.inaturalist.org/photos/283492654/medium.jpg,false,"UC San Diego, San Diego, CA, US",32.8779557685,-117.2405634289,5,,open,false,San Diego,California,United States,Western Skink,Plestiodon skiltonianus,Western Skink,Reptilia,37769
165601024,2023/06/04 2:25 PM,2023-06-04,2023-06-04 21:25:00 UTC,6761346,2023-06-04 21:34:10 UTC,2023-06-04 22:47:54 UTC,research,CC-BY-NC,https://inaturalist-open-data.s3.amazonaws.com/photos/286673443/medium.jpg,false,"La Jolla, San Diego, CA, USA",32.8746213998,-117.2361275714,15,,open,false,San Diego,California,United States,Western Fence Lizard,Sceloporus occidentalis,Western Fence Lizard,Reptilia,36204
165997186,2023-06-06 16:31:21-07:00,2023-06-06,2023-06-06 23:31:21 UTC,1892868,2023-06-07 00:59:25 UTC,2023-06-07 03:50:49 UTC,research,,https://static.inaturalist.org/photos/287411909/medium.jpg,false,"UC San Diego, San Diego, CA, US",32.88633,-117.2413716667,14,,open,false,San Diego,California,United States,Western Fence Lizard,Sceloporus occidentalis,Western Fence Lizard,Reptilia,36204
166255374,2023-06-05 16:10:55-07:00,2023-06-05,2023-06-05 23:10:55 UTC,6451735,2023-06-08 15:36:34 UTC,2023-06-08 18:10:49 UTC,research,CC-BY-NC,https://inaturalist-open-data.s3.amazonaws.com/photos/287884352/medium.jpg,false,"Triton Track, San Diego, CA, US",32.8891033333,-117.240425,4,,open,false,San Diego,California,United States,Western Fence Lizard,Sceloporus occidentalis,Western Fence Lizard,Reptilia,36204
166390926,2022-05-05 15:01:05-07:00,2022-05-05,2022-05-05 22:01:05 UTC,255175,2023-06-09 11:00:21 UTC,2023-06-09 19:42:27 UTC,research,,https://static.inaturalist.org/photos/288138721/medium.jpg,false,"Torrey Pines, San Diego, CA, US",32.8887333333,-117.236145,17,,open,false,San Diego,California,United States,Western Fence Lizard,Sceloporus occidentalis,Western Fence Lizard,Reptilia,36204
166392129,2022-05-05 14:40:51-07:00,2022-05-05,2022-05-05 21:40:51 UTC,255175,2023-06-09 11:14:37 UTC,2023-06-09 21:10:02 UTC,research,,https://static.inaturalist.org/photos/288140874/medium.jpg,false,"Torrey Pines, San Diego, CA, US",32.88803,-117.2364416667,4,,open,false,San Diego,California,United States,Western Fence Lizard,Sceloporus occidentalis,Western Fence Lizard,Reptilia,36204
166393295,2022-05-05 14:12:26-07:00,2022-05-05,2022-05-05 21:12:26 UTC,255175,2023-06-09 11:25:34 UTC,2023-06-10 18:53:48 UTC,research,,https://static.inaturalist.org/photos/288142514/medium.jpg,false,"Torrey Pines, San Diego, CA, US",32.887855,-117.2370916667,4,,open,false,San Diego,California,United States,Orange-throated Whiptail,Aspidoscelis hyperythrus,Orange-throated Whiptail,Reptilia,194092
169182657,2023-06-17 12:35:20,2023-06-17,2023-06-17 19:35:20 UTC,1731574,2023-06-24 14:53:34 UTC,2023-07-10 01:51:16 UTC,research,CC-BY-NC,https://inaturalist-open-data.s3.amazonaws.com/photos/293286908/medium.jpeg,false,"N Torrey Pines Rd & Torrey Pines Scenic Dr, San Diego, CA 92037, USA",32.8866493,-117.2431483997,,,open,false,San Diego,California,United States,Western Fence Lizard,Sceloporus occidentalis,Western Fence Lizard,Reptilia,36204
170183249,2023-06-29 14:46:12-07:00,2023-06-29,2023-06-29 21:46:12 UTC,3764813,2023-06-29 21:47:42 UTC,2023-06-30 07:19:14 UTC,research,CC-BY-NC,https://inaturalist-open-data.s3.amazonaws.com/photos/295133542/medium.jpg,false,"Scholars Dr S, San Diego, CA, US",32.8760739917,-117.2413958988,41,,open,false,San Diego,California,United States,Western Fence Lizard,Sceloporus occidentalis,Western Fence Lizard,Reptilia,36204
170551269,2021-03-31 14:40:00,2021-03-31,2021-03-31 21:40:00 UTC,5524109,2023-07-01 23:56:57 UTC,2023-07-07 02:29:53 UTC,research,,https://static.inaturalist.org/photos/295823459/medium.jpeg,false,"University City, San Diego, CA, USA",32.8788728287,-117.2230270877,5,,open,false,San Diego,California,United States,San Diego Alligator Lizard,Elgaria multicarinata webbii,San Diego Alligator Lizard,Reptilia,32058
171304251,2023-07-05 09:24:09-07:00,2023-07-05,2023-07-05 16:24:09 UTC,2246363,2023-07-06 00:40:45 UTC,2023-07-24 21:48:05 UTC,research,CC-BY-NC,https://inaturalist-open-data.s3.amazonaws.com/photos/297240054/medium.jpg,false,"UC San Diego, San Diego, CA, US",32.8837156269,-117.2329626318,23,,open,false,San Diego,California,United States,Western Fence Lizard,Sceloporus occidentalis,Western Fence Lizard,Reptilia,36204
172369294,2023/07/10 9:27 AM,2023-07-10,2023-07-10 16:27:00 UTC,4636608,2023-07-11 17:43:42 UTC,2023-08-06 21:29:19 UTC,research,CC-BY-NC,https://inaturalist-open-data.s3.amazonaws.com/photos/299221457/medium.jpeg,false,"La Jolla, San Diego, CA, USA",32.8877512582,-117.236731309,8,,open,false,San Diego,California,United States,Western Fence Lizard,Sceloporus occidentalis,Western Fence Lizard,Reptilia,36204
178870753,2023-08-17 10:56:36-07:00,2023-08-17,2023-08-17 17:56:36 UTC,1825038,2023-08-17 17:58:03 UTC,2025-07-02 00:19:30 UTC,research,,https://inaturalist-open-data.s3.amazonaws.com/photos/311326079/medium.jpg,false,"Jacobs Medical Center at UC San Diego Health, San Diego, CA, US",32.8781800023,-117.2280116667,20,,open,false,San Diego,California,United States,Western Fence Lizard,Sceloporus occidentalis,Western Fence Lizard,Reptilia,36204
186684889,2023-08-31 09:54:14-07:00,2023-08-31,2023-08-31 16:54:14 UTC,5628934,2023-10-08 12:52:12 UTC,2023-10-09 15:23:52 UTC,research,CC-BY-NC,https://inaturalist-open-data.s3.amazonaws.com/photos/326301575/medium.jpg,false,"Jacobs Medical Center at UC San Diego Health, San Diego, CA, US",32.8787716667,-117.2212216667,4,,open,false,San Diego,California,United States,Western Side-blotched Lizard,Uta stansburiana elegans,Western Side-blotched Lizard,Reptilia,36100
187299439,2023-10-12 13:11:04-07:00,2023-10-12,2023-10-12 20:11:04 UTC,6950561,2023-10-12 22:12:15 UTC,2023-10-18 20:02:35 UTC,research,CC-BY-NC,https://inaturalist-open-data.s3.amazonaws.com/photos/327515924/medium.jpg,false,"UC San Diego, San Diego, CA, US",32.878405,-117.231055,13,,open,false,San Diego,California,United States,Great Basin Fence Lizard,Sceloporus occidentalis longipes,Great Basin Fence Lizard,Reptilia,36207
189526347,2023-10-30 14:02:26-07:00,2023-10-30,2023-10-30 21:02:26 UTC,6950561,2023-10-31 01:12:55 UTC,2023-12-13 23:47:43 UTC,research,CC-BY-NC,https://inaturalist-open-data.s3.amazonaws.com/photos/332038293/medium.jpg,false,"UC San Diego, San Diego, CA, US",32.8792533333,-117.2298966667,17,,open,false,San Diego,California,United States,Western Side-blotched Lizard,Uta stansburiana elegans,Western Side-blotched Lizard,Reptilia,36100
189526703,2023-10-18 11:43:21-07:00,2023-10-18,2023-10-18 18:43:21 UTC,6950561,2023-10-31 01:18:12 UTC,2023-12-13 23:47:26 UTC,research,CC-BY-NC,https://inaturalist-open-data.s3.amazonaws.com/photos/332039046/medium.jpg,false,"UC San Diego, San Diego, CA, US",32.8787633333,-117.2305133333,11,,open,false,San Diego,California,United States,Western Fence Lizard,Sceloporus occidentalis,Western Fence Lizard,Reptilia,36204
193334528,2023-12-04 10:00:00-08:00,2023-12-04,2023-12-04 18:00:00 UTC,695092,2023-12-07 22:11:22 UTC,2023-12-08 00:26:34 UTC,research,,https://static.inaturalist.org/photos/339613356/medium.jpg,false,"The Preuss School UC San Diego, San Diego, CA, US",32.8819245775,-117.2223330366,88,,open,false,San Diego,California,United States,Western Fence Lizard,Sceloporus occidentalis,Western Fence Lizard,Reptilia,36204
197171507,2024-01-14 11:01:47,2024-01-14,2024-01-14 19:01:47 UTC,675980,2024-01-20 21:41:35 UTC,2024-01-20 21:58:18 UTC,research,CC-BY,https://inaturalist-open-data.s3.amazonaws.com/photos/347202545/medium.jpeg,false,"Torrey Pines, San Diego, CA, USA",32.8719499722,-117.239276,,,open,false,San Diego,California,United States,San Diegan Legless Lizard,Anniella stebbinsi,San Diegan Legless Lizard,Reptilia,479459
203687564,2024-03-22 10:25:30,2024-03-22,2024-03-22 17:25:30 UTC,3786877,2024-03-24 03:05:17 UTC,2024-07-13 03:28:37 UTC,research,CC-BY,https://inaturalist-open-data.s3.amazonaws.com/photos/359917090/medium.jpeg,false,"UCSD Central Campus Station, San Diego, CA 92093, USA",32.87965,-117.2324805556,,,open,false,San Diego,California,United States,Western Fence Lizard,Sceloporus occidentalis,Western Fence Lizard,Reptilia,36204
205321503,2024-04-03 16:32:57-07:00,2024-04-03,2024-04-03 23:32:57 UTC,7378700,2024-04-04 02:29:43 UTC,2024-04-04 02:36:45 UTC,research,CC-BY-NC,https://inaturalist-open-data.s3.amazonaws.com/photos/363033443/medium.jpg,false,"Hopkins Ln, San Diego, CA, US",32.8806133333,-117.2383283333,4,,open,false,San Diego,California,United States,Western Fence Lizard,Sceloporus occidentalis,Western Fence Lizard,Reptilia,36204
205426911,Thu Apr 04 2024 13:54:42 GMT -0700 (PDT),2024-04-04,2024-04-04 20:54:42 UTC,7929432,2024-04-04 20:55:40 UTC,2024-04-09 20:47:41 UTC,research,CC-BY-NC,https://inaturalist-open-data.s3.amazonaws.com/photos/363230026/medium.jpeg,false,San Diego,32.888092041,-117.2375106812,209,,open,false,San Diego,California,United States,Western Fence Lizard,Sceloporus occidentalis,Western Fence Lizard,Reptilia,36204
208029719,2024-04-10 11:31:08,2024-04-10,2024-04-10 18:31:08 UTC,2000873,2024-04-19 01:50:56 UTC,2024-04-19 07:33:35 UTC,research,,https://static.inaturalist.org/photos/368031352/medium.jpeg,false,"San Diego County, US-CA, US",32.8872361111,-117.2437916667,,,open,false,San Diego,California,United States,Western Fence Lizard,Sceloporus occidentalis,Western Fence Lizard,Reptilia,36204
208638452,2024-04-18 11:08:33,2024-04-18,2024-04-18 18:08:33 UTC,7940003,2024-04-22 03:19:01 UTC,2024-04-24 16:30:58 UTC,research,CC-BY-NC,https://inaturalist-open-data.s3.amazonaws.com/photos/369166758/medium.jpeg,false,"San Diego, CA 92161, USA",32.8787334507,-117.2399913892,41,,open,false,San Diego,California,United States,Western Fence Lizard,Sceloporus occidentalis,Western Fence Lizard,Reptilia,36204
208801595,2024-04-22 16:16:41-07:00,2024-04-22,2024-04-22 23:16:41 UTC,1808106,2024-04-22 23:18:01 UTC,2024-04-23 06:15:43 UTC,research,CC-BY-NC,https://inaturalist-open-data.s3.amazonaws.com/photos/369462872/medium.jpg,false,"UC San Diego, San Diego, CA, US",32.8824216667,-117.2354133333,4,,open,false,San Diego,California,United States,San Diego Alligator Lizard,Elgaria multicarinata webbii,San Diego Alligator Lizard,Reptilia,32058
211213852,2024-04-28 16:21:04,2024-04-28,2024-04-28 23:21:04 UTC,901724,2024-04-28 23:54:18 UTC,2026-04-18 02:40:28 UTC,research,CC-BY-NC,https://static.inaturalist.org/photos/373466654/medium.jpeg,false,"University City, San Diego, CA, USA",32.8801333333,-117.2262583333,,,open,false,San Diego,California,United States,Southern Alligator Lizard,Elgaria multicarinata,Southern Alligator Lizard,Reptilia,32055
211220344,2024-04-28 16:19:35,2024-04-28,2024-04-28 23:19:35 UTC,901724,2024-04-29 00:06:51 UTC,2026-04-18 02:40:26 UTC,research,CC-BY-NC,https://static.inaturalist.org/photos/373608454/medium.jpeg,false,"University City, San Diego, CA, USA",32.8798305556,-117.2254861111,,,open,false,San Diego,California,United States,Common Side-blotched Lizard,Uta stansburiana,Common Side-blotched Lizard,Reptilia,36094
212718215,2024-05-01 14:11:45,2024-05-01,2024-05-01 21:11:45 UTC,5381939,2024-05-01 21:13:26 UTC,2024-05-06 03:38:27 UTC,research,CC-BY-NC,https://inaturalist-open-data.s3.amazonaws.com/photos/375909921/medium.jpeg,false,"San Diego, CA 92093, USA",32.8828805556,-117.2333277778,,,open,false,San Diego,California,United States,Western Fence Lizard,Sceloporus occidentalis,Western Fence Lizard,Reptilia,36204
212932155,2024-05-02 09:53:28-07:00,2024-05-02,2024-05-02 16:53:28 UTC,5863327,2024-05-02 17:14:52 UTC,2024-05-03 06:16:47 UTC,research,CC-BY-NC,https://inaturalist-open-data.s3.amazonaws.com/photos/376289773/medium.jpg,false,"Triton Track, San Diego, CA, US",32.8897866667,-117.240455,4,,open,false,San Diego,California,United States,Southern Alligator Lizard,Elgaria multicarinata,Southern Alligator Lizard,Reptilia,32055
214319880,2024-05-07 20:05:59-07:00,2024-05-07,2024-05-08 03:05:59 UTC,7239020,2024-05-08 03:07:42 UTC,2024-05-09 23:58:01 UTC,research,CC-BY-NC,https://inaturalist-open-data.s3.amazonaws.com/photos/379506332/medium.jpg,false,"UC San Diego, San Diego, CA, US",32.8781450022,-117.231294598,7,,open,false,San Diego,California,United States,Southern Alligator Lizard,Elgaria multicarinata,Southern Alligator Lizard,Reptilia,32055
218940176,2024-05-13 11:42:20,2024-05-13,2024-05-13 18:42:20 UTC,675980,2024-05-28 17:49:13 UTC,2025-02-22 14:47:49 UTC,research,CC-BY,https://inaturalist-open-data.s3.amazonaws.com/photos/387472027/medium.jpeg,false,"Torrey Pines, San Diego, CA, USA",32.8719749722,-117.2399529722,,,open,false,San Diego,California,United States,San Diegan Legless Lizard,Anniella stebbinsi,San Diegan Legless Lizard,Reptilia,479459
219394092,2024-05-30 13:00:20,2024-05-30,2024-05-30 20:00:20 UTC,2000873,2024-05-30 20:00:50 UTC,2025-04-05 04:31:00 UTC,research,,https://static.inaturalist.org/photos/393002037/medium.jpeg,false,"Torrey Pines, San Diego, CA, USA",32.886025,-117.2429944444,,,open,false,San Diego,California,United States,Western Fence Lizard,Sceloporus occidentalis,Western Fence Lizard,Reptilia,36204
219650097,2024-05-31 08:22:15-07:00,2024-05-31,2024-05-31 15:22:15 UTC,3231537,2024-06-01 01:21:32 UTC,2024-06-07 21:59:57 UTC,research,CC-BY-NC,https://inaturalist-open-data.s3.amazonaws.com/photos/388805151/medium.jpg,false,"UC San Diego, San Diego, CA, US",32.87902,-117.2324916667,9,,open,false,San Diego,California,United States,Western Fence Lizard,Sceloporus occidentalis,Western Fence Lizard,Reptilia,36204
222709610,2024-06-14 12:55:25,2024-06-14,2024-06-14 19:55:25 UTC,7594207,2024-06-14 19:58:06 UTC,2024-06-18 20:31:49 UTC,research,CC-BY-NC,https://inaturalist-open-data.s3.amazonaws.com/photos/394533686/medium.jpeg,false,"Building D, Matthews Apartments, 747, San Diego, CA 92093, USA",32.8785743611,-117.2313613889,,,open,false,San Diego,California,United States,Western Side-blotched Lizard,Uta stansburiana elegans,Western Side-blotched Lizard,Reptilia,36100
223139658,2024-06-16 09:56:11-07:00,2024-06-16,2024-06-16 16:56:11 UTC,213377,2024-06-16 17:00:17 UTC,2024-06-16 20:18:24 UTC,research,CC0,https://inaturalist-open-data.s3.amazonaws.com/photos/395336125/medium.jpg,false,"UC San Diego, San Diego, CA, US",32.87873,-117.2348866667,13,,open,false,San Diego,California,United States,Southern Alligator Lizard,Elgaria multicarinata,Southern Alligator Lizard,Reptilia,32055
223683416,2024-06-18 14:18:27,2024-06-18,2024-06-18 21:18:27 UTC,3786877,2024-06-19 03:52:04 UTC,2024-07-13 03:28:37 UTC,research,CC-BY,https://inaturalist-open-data.s3.amazonaws.com/photos/396370955/medium.jpeg,false,"Galbraith Hall, San Diego, CA 92161, USA",32.87375,-117.2411055556,,,open,false,San Diego,California,United States,Western Fence Lizard,Sceloporus occidentalis,Western Fence Lizard,Reptilia,36204
225424836,2024-06-26 13:48:32,2024-06-26,2024-06-26 20:48:32 UTC,3786877,2024-06-27 01:21:45 UTC,2024-07-13 03:28:37 UTC,research,CC-BY,https://inaturalist-open-data.s3.amazonaws.com/photos/399669983/medium.jpeg,false,"San Diego, CA 92093, USA",32.8829138889,-117.2354138889,,,open,false,San Diego,California,United States,Western Fence Lizard,Sceloporus occidentalis,Western Fence Lizard,Reptilia,36204
225432883,2024-06-26 14:59:09,2024-06-26,2024-06-26 21:59:09 UTC,3786877,2024-06-27 02:16:12 UTC,2024-07-13 03:28:37 UTC,research,CC-BY,https://inaturalist-open-data.s3.amazonaws.com/photos/399684759/medium.jpeg,false,"San Diego, CA 92093, USA",32.8865638889,-117.2371166667,,,open,false,San Diego,California,United States,Western Fence Lizard,Sceloporus occidentalis,Western Fence Lizard,Reptilia,36204
228352157,2024-07-09 17:01:46,2024-07-09,2024-07-10 00:01:46 UTC,3786877,2024-07-10 01:14:55 UTC,2025-07-01 20:50:21 UTC,research,CC-BY,https://inaturalist-open-data.s3.amazonaws.com/photos/405210198/medium.jpeg,false,"Rimac Annex, San Diego, CA 92093, USA",32.8858111111,-117.2403555556,,,open,false,San Diego,California,United States,Western Fence Lizard,Sceloporus occidentalis,Western Fence Lizard,Reptilia,36204
228517169,2024-07-10 11:47:13-07:00,2024-07-10,2024-07-10 18:47:13 UTC,7366461,2024-07-10 21:02:41 UTC,2024-07-11 18:00:02 UTC,research,CC-BY-NC,https://inaturalist-open-data.s3.amazonaws.com/photos/405518104/medium.jpg,false,"UC San Diego, San Diego, CA, US",32.8865166667,-117.2293383333,3,,open,false,San Diego,California,United States,Southern Pacific Rattlesnake,Crotalus oreganus helleri,Southern Pacific Rattlesnake,Reptilia,30713
230204298,2024-07-18 17:33:29-07:00,2024-07-18,2024-07-19 00:33:29 UTC,10790,2024-07-19 00:34:46 UTC,2024-07-19 04:52:04 UTC,research,,https://inaturalist-open-data.s3.amazonaws.com/photos/408761884/medium.jpeg,false,"UC San Diego, San Diego, CA, US",32.8863033333,-117.24205,22,,open,false,San Diego,California,United States,Southern Alligator Lizard,Elgaria multicarinata,Southern Alligator Lizard,Reptilia,32055
230343285,2024-06-09 10:26:24-07:00,2024-06-09,2024-06-09 17:26:24 UTC,3694783,2024-07-19 18:37:25 UTC,2025-04-05 00:19:57 UTC,research,CC-BY-NC,https://inaturalist-open-data.s3.amazonaws.com/photos/408985531/medium.jpeg,false,"UC San Diego, San Diego, CA, US",32.8862916667,-117.2301466667,10,,open,false,San Diego,California,United States,Southern Pacific Rattlesnake,Crotalus oreganus helleri,Southern Pacific Rattlesnake,Reptilia,30713
237566654,2024-08-23 12:04:33,2024-08-23,2024-08-23 19:04:33 UTC,3786877,2024-08-24 02:01:06 UTC,2024-08-25 04:13:16 UTC,research,CC-BY,https://inaturalist-open-data.s3.amazonaws.com/photos/422817868/medium.jpeg,false,"Geisel Library, San Diego, CA 92161, USA",32.8811194444,-117.237775,,,open,false,San Diego,California,United States,Western Fence Lizard,Sceloporus occidentalis,Western Fence Lizard,Reptilia,36204
238546570,2024-08-28 14:57:34,2024-08-28,2024-08-28 21:57:34 UTC,3786877,2024-08-29 05:47:50 UTC,2024-09-04 20:37:56 UTC,research,CC-BY,https://inaturalist-open-data.s3.amazonaws.com/photos/424708627/medium.jpeg,false,"San Diego, CA 92161, USA",32.8803694444,-117.2400416667,,,open,false,San Diego,California,United States,Western Fence Lizard,Sceloporus occidentalis,Western Fence Lizard,Reptilia,36204
242701559,Thu Sep 19 2024 09:20:07 GMT -0700 (PDT),2024-09-19,2024-09-19 16:20:07 UTC,3694783,2024-09-19 16:20:21 UTC,2026-04-05 16:50:07 UTC,research,CC-BY-NC,https://inaturalist-open-data.s3.amazonaws.com/photos/436643673/medium.jpeg,false,San Diego,32.8866271973,-117.2299728394,7,,open,false,San Diego,California,United States,California King Snake,Lampropeltis californiae,California King Snake,Reptilia,146199
243000023,2022-04-15 10:56:15,2022-04-15,2022-04-15 17:56:15 UTC,8600439,2024-09-21 02:45:12 UTC,2024-09-22 16:39:40 UTC,research,,https://static.inaturalist.org/photos/433256563/medium.jpeg,false,"San Diego, CA 92093, USA",32.8879958431,-117.2375582904,75,,open,false,San Diego,California,United States,Southern Pacific Rattlesnake,Crotalus oreganus helleri,Southern Pacific Rattlesnake,Reptilia,30713
244434522,2024-09-26 13:26:27-07:00,2024-09-26,2024-09-26 20:26:27 UTC,5146429,2024-09-28 05:01:30 UTC,2024-10-11 19:37:00 UTC,research,CC-BY-NC,https://static.inaturalist.org/photos/436011081/medium.jpeg,false,"Jacobs Medical Center at UC San Diego Health, San Diego, CA, US",32.876495,-117.2281416667,4,,open,false,San Diego,California,United States,Western Fence Lizard,Sceloporus occidentalis,Western Fence Lizard,Reptilia,36204
252839316,2024-11-23 11:38:55-08:00,2024-11-23,2024-11-23 19:38:55 UTC,3694783,2024-11-24 06:47:17 UTC,2025-04-05 00:19:57 UTC,research,CC-BY-NC,https://inaturalist-open-data.s3.amazonaws.com/photos/452655294/medium.jpeg,false,"UC San Diego, San Diego, CA, US",32.8868533333,-117.2301416667,23,,open,false,San Diego,California,United States,California King Snake,Lampropeltis californiae,California King Snake,Reptilia,146199
263817972,2025-03-03 12:51:46,2025-03-03,2025-03-03 20:51:46 UTC,3786877,2025-03-04 00:34:44 UTC,2025-03-29 22:52:58 UTC,research,CC-BY,https://inaturalist-open-data.s3.amazonaws.com/photos/474009944/medium.jpeg,false,"San Diego County, US-CA, US",32.8760722222,-117.241325,,,open,false,San Diego,California,United States,Western Fence Lizard,Sceloporus occidentalis,Western Fence Lizard,Reptilia,36204
263818007,2025-03-03 12:54:48,2025-03-03,2025-03-03 20:54:48 UTC,3786877,2025-03-04 00:35:07 UTC,2025-04-11 06:47:36 UTC,research,CC-BY,https://inaturalist-open-data.s3.amazonaws.com/photos/474010006/medium.jpeg,false,"Bonner Hall, San Diego, CA 92161, USA",32.8761527778,-117.2407555556,,,open,false,San Diego,California,United States,Western Fence Lizard,Sceloporus occidentalis,Western Fence Lizard,Reptilia,36204
269202157,2025-04-07 15:59:54,2025-04-07,2025-04-07 22:59:54 UTC,7720074,2025-04-07 23:12:01 UTC,2025-04-08 17:56:57 UTC,research,CC-BY-NC,https://inaturalist-open-data.s3.amazonaws.com/photos/483994967/medium.jpeg,false,"San Diego, CA 92093, USA",32.8842014116,-117.2331604734,10,,open,false,San Diego,California,United States,Western Fence Lizard,Sceloporus occidentalis,Western Fence Lizard,Reptilia,36204
271566539,2025-04-19 15:46:56-07:00,2025-04-19,2025-04-19 22:46:56 UTC,9130360,2025-04-19 22:47:59 UTC,2025-04-23 02:15:46 UTC,research,CC-BY-NC,https://inaturalist-open-data.s3.amazonaws.com/photos/488496007/medium.jpg,false,"Ridge Walk, San Diego, CA, US",32.8765033333,-117.2408133333,23,,open,false,San Diego,California,United States,Western Fence Lizard,Sceloporus occidentalis,Western Fence Lizard,Reptilia,36204
272108962,2024-06-05 15:46:39,2024-06-05,2024-06-05 22:46:39 UTC,9165586,2025-04-22 01:46:55 UTC,2025-04-22 08:38:55 UTC,research,CC-BY-NC,https://inaturalist-open-data.s3.amazonaws.com/photos/489527961/medium.jpg,false,"Muir Ln, San Diego, CA, US",32.88025,-117.239395,35,,open,false,San Diego,California,United States,Southern Alligator Lizard,Elgaria multicarinata,Southern Alligator Lizard,Reptilia,32055
272527284,2025-04-23 12:12:03-07:00,2025-04-23,2025-04-23 19:12:03 UTC,7098330,2025-04-23 20:42:04 UTC,2025-04-27 02:57:16 UTC,research,CC-BY-NC,https://inaturalist-open-data.s3.amazonaws.com/photos/490302695/medium.jpg,false,"UC San Diego, San Diego, CA, US",32.8865553536,-117.2434079782,19,,open,false,San Diego,California,United States,Great Basin Fence Lizard,Sceloporus occidentalis longipes,Great Basin Fence Lizard,Reptilia,36207
280396125,Sun May 11 2025 16:53:47 GMT -0700 (PDT),2025-05-11,2025-05-11 23:53:47 UTC,4636608,2025-05-11 23:54:14 UTC,2025-05-16 16:10:48 UTC,research,CC-BY-NC,https://inaturalist-open-data.s3.amazonaws.com/photos/503591454/medium.jpeg,false,San Diego,32.8773727417,-117.2312393188,17,,open,false,San Diego,California,United States,Western Fence Lizard,Sceloporus occidentalis,Western Fence Lizard,Reptilia,36204
280709477,2025-05-12 15:16:34,2025-05-12,2025-05-12 22:16:34 UTC,3786877,2025-05-13 04:57:12 UTC,2025-05-17 07:00:30 UTC,research,CC-BY,https://inaturalist-open-data.s3.amazonaws.com/photos/504194205/medium.jpeg,false,"Geisel Library, San Diego, CA 92161, USA",32.8815027778,-117.2367555556,,,open,false,San Diego,California,United States,Western Fence Lizard,Sceloporus occidentalis,Western Fence Lizard,Reptilia,36204
285198364,2025-05-29 15:00:36,2025-05-29,2025-05-29 22:00:36 UTC,3786877,2025-05-29 22:55:46 UTC,2025-05-29 23:20:21 UTC,research,CC-BY,https://inaturalist-open-data.s3.amazonaws.com/photos/512613434/medium.jpg,false,"San Diego, CA 92161, USA",32.8805861111,-117.2389583333,,,open,false,San Diego,California,United States,Western Fence Lizard,Sceloporus occidentalis,Western Fence Lizard,Reptilia,36204
291344167,2025-06-20 17:14:39-07:00,2025-06-20,2025-06-21 00:14:39 UTC,5453523,2025-06-21 00:15:04 UTC,2025-06-21 05:07:39 UTC,research,CC-BY-NC,https://inaturalist-open-data.s3.amazonaws.com/photos/524186852/medium.jpg,false,"UC San Diego, San Diego, CA, US",32.8744616667,-117.2376416667,3,,open,false,San Diego,California,United States,Western Fence Lizard,Sceloporus occidentalis,Western Fence Lizard,Reptilia,36204
292787016,2025-06-25 15:54:14,2025-06-25,2025-06-25 22:54:14 UTC,3786877,2025-06-26 03:33:48 UTC,2025-06-26 08:51:04 UTC,research,CC-BY,https://inaturalist-open-data.s3.amazonaws.com/photos/526927993/medium.jpg,false,"University of California San Diego, Urey Hall, San Diego, CA 92161, USA",32.8756694444,-117.2407472222,,,open,false,San Diego,California,United States,Western Fence Lizard,Sceloporus occidentalis,Western Fence Lizard,Reptilia,36204
293246520,2025/06/27 1:45 PM,2025-06-27,2025-06-27 20:45:00 UTC,3786877,2025-06-27 23:15:28 UTC,2025-06-30 13:09:40 UTC,research,CC-BY,https://inaturalist-open-data.s3.amazonaws.com/photos/527792122/medium.jpg,false,"La Jolla, San Diego, CA, USA",32.875987054,-117.2408406952,83,,open,false,San Diego,California,United States,Western Fence Lizard,Sceloporus occidentalis,Western Fence Lizard,Reptilia,36204
294913969,2025-07-03 11:44:24-07:00,2025-07-03,2025-07-03 18:44:24 UTC,7098330,2025-07-03 18:46:37 UTC,2026-03-28 06:46:04 UTC,research,CC-BY-NC,https://inaturalist-open-data.s3.amazonaws.com/photos/530869095/medium.jpg,false,"Revelle College, San Diego, CA, US",32.873681632,-117.2417332401,20,,open,false,San Diego,California,United States,Western Skink,Plestiodon skiltonianus,Western Skink,Reptilia,37769
296945611,2025-07-10 10:03:00,2025-07-10,2025-07-10 17:03:00 UTC,9525356,2025-07-11 05:17:35 UTC,2025-07-11 15:04:27 UTC,research,CC-BY-NC,https://static.inaturalist.org/photos/534741807/medium.jpg,false,"University City, San Diego, CA, USA",32.882668,-117.2246319722,,,open,false,San Diego,California,United States,Western Fence Lizard,Sceloporus occidentalis,Western Fence Lizard,Reptilia,36204
299940590,2025-07-21 13:27:09,2025-07-21,2025-07-21 20:27:09 UTC,7291429,2025-07-21 20:29:56 UTC,2026-03-28 09:11:21 UTC,research,,https://static.inaturalist.org/photos/540393236/medium.jpg,false,"Gilman Dr & Eucalyptus Grove Ln, San Diego, CA 92161, USA",32.8744725997,-117.2386365384,64,,open,false,San Diego,California,United States,Western Skink,Plestiodon skiltonianus,Western Skink,Reptilia,37769
301191062,2025-06-09 18:24:04,2025-06-09,2025-06-10 01:24:04 UTC,1568536,2025-07-26 13:05:23 UTC,2025-07-28 20:30:20 UTC,research,CC-BY-NC,https://inaturalist-open-data.s3.amazonaws.com/photos/542728743/medium.jpg,false,"Mandeville Ln, San Diego, CA, US",32.8789883333,-117.236825,2,,open,false,San Diego,California,United States,Southern Alligator Lizard,Elgaria multicarinata,Southern Alligator Lizard,Reptilia,32055
306114502,2025-08-12 17:55:26-07:00,2025-08-12,2025-08-13 00:55:26 UTC,8331577,2025-08-13 22:03:08 UTC,2025-08-24 07:07:58 UTC,research,,https://static.inaturalist.org/photos/552002741/medium.jpg,false,"Torrey Pines, San Diego, CA, US",32.881195,-117.236655,4,,open,false,San Diego,California,United States,Western Fence Lizard,Sceloporus occidentalis,Western Fence Lizard,Reptilia,36204
309399276,2025/08/26 10:30,2025-08-26,2025-08-26 17:30:00 UTC,7833589,2025-08-27 02:31:14 UTC,2025-08-29 20:56:09 UTC,research,CC-BY-NC,https://inaturalist-open-data.s3.amazonaws.com/photos/558312825/medium.jpg,false,美国加利福尼亚圣迭戈拉霍亚,32.8850579609,-117.240624995,31,,open,false,San Diego,California,United States,西部强棱蜥,Sceloporus occidentalis,Western Fence Lizard,Reptilia,36204
310689225,2025/08/31 12:38,2025-08-31,2025-08-31 19:38:00 UTC,7833589,2025-09-01 04:39:35 UTC,2025-09-01 23:15:39 UTC,research,CC-BY-NC,https://inaturalist-open-data.s3.amazonaws.com/photos/560764652/medium.jpg,false,美国加利福尼亚圣迭戈拉霍亚,32.871983042,-117.241031874,31,,open,false,San Diego,California,United States,西部强棱蜥,Sceloporus occidentalis,Western Fence Lizard,Reptilia,36204
311273281,2025-09-03 09:03:53-07:00,2025-09-03,2025-09-03 16:03:53 UTC,9574878,2025-09-03 16:04:48 UTC,2025-09-03 17:47:48 UTC,research,CC-BY-NC,https://inaturalist-open-data.s3.amazonaws.com/photos/561893707/medium.jpg,false,"UC San Diego, San Diego, CA, US",32.8769083333,-117.2303783333,5,,open,false,San Diego,California,United States,Western Fence Lizard,Sceloporus occidentalis,Western Fence Lizard,Reptilia,36204
312354453,Sun Sep 07 2025 18:20:58 GMT -0700 (PDT),2025-09-07,2025-09-08 01:20:58 UTC,9710104,2025-09-08 01:21:03 UTC,2025-09-08 05:27:23 UTC,research,CC-BY-NC,https://inaturalist-open-data.s3.amazonaws.com/photos/564002126/medium.jpg,false,San Diego,32.8789482117,-117.2388916016,11,,open,false,San Diego,California,United States,Southern Alligator Lizard,Elgaria multicarinata,Southern Alligator Lizard,Reptilia,32055
312354652,2025-09-07 18:21:38,2025-09-07,2025-09-08 01:21:38 UTC,9710104,2025-09-08 01:21:52 UTC,2025-09-08 01:32:04 UTC,research,CC-BY-NC,https://inaturalist-open-data.s3.amazonaws.com/photos/563942772/medium.jpg,false,"Muir Ln, San Diego, CA, US",32.8789032949,-117.2389245407,4,,open,false,San Diego,California,United States,Southern Alligator Lizard,Elgaria multicarinata,Southern Alligator Lizard,Reptilia,32055
316356290,2025-09-22 15:23:50-07:00,2025-09-22,2025-09-22 22:23:50 UTC,6431751,2025-09-24 19:30:20 UTC,2025-09-25 14:35:12 UTC,research,CC-BY-NC,https://inaturalist-open-data.s3.amazonaws.com/photos/571566162/medium.jpg,false,"UC San Diego, San Diego, CA, US",32.8852666667,-117.241455,4,,open,false,San Diego,California,United States,Western Skink,Plestiodon skiltonianus,Western Skink,Reptilia,37769
316588668,2025-09-25 12:31:37-07:00,2025-09-25,2025-09-25 19:31:37 UTC,8241366,2025-09-25 20:17:21 UTC,2025-09-26 00:48:30 UTC,research,CC-BY-NC,https://inaturalist-open-data.s3.amazonaws.com/photos/572005561/medium.jpg,false,"Torrey Pines, San Diego, CA, US",32.8887846945,-117.2367931436,141,,open,false,San Diego,California,United States,Western Fence Lizard,Sceloporus occidentalis,Western Fence Lizard,Reptilia,36204
316588735,2025-09-25 12:32:29-07:00,2025-09-25,2025-09-25 19:32:29 UTC,8241366,2025-09-25 20:17:47 UTC,2025-09-26 00:48:35 UTC,research,CC-BY-NC,https://inaturalist-open-data.s3.amazonaws.com/photos/572005720/medium.jpg,false,"Torrey Pines, San Diego, CA, US",32.8886649487,-117.2361811642,72,,open,false,San Diego,California,United States,Western Fence Lizard,Sceloporus occidentalis,Western Fence Lizard,Reptilia,36204
318479574,2025-10-03 13:46:44,2025-10-03,2025-10-03 20:46:44 UTC,8094991,2025-10-03 20:48:39 UTC,2025-10-14 20:03:00 UTC,research,CC-BY-NC,https://inaturalist-open-data.s3.amazonaws.com/photos/575601242/medium.jpg,false,"San Diego, CA 92093, USA",32.8866844167,-117.2422256389,,,open,false,San Diego,California,United States,Western Fence Lizard,Sceloporus occidentalis,Western Fence Lizard,Reptilia,36204
318517293,2025-10-03 17:19:10,2025-10-03,2025-10-04 00:19:10 UTC,675980,2025-10-04 00:21:10 UTC,2025-10-04 19:44:51 UTC,research,CC-BY,https://inaturalist-open-data.s3.amazonaws.com/photos/575672858/medium.jpg,false,"Torrey Pines, San Diego, CA, USA",32.8719594125,-117.2394707054,4,,open,false,San Diego,California,United States,Western Fence Lizard,Sceloporus occidentalis,Western Fence Lizard,Reptilia,36204
330997957,2025-11-13T17:00,2025-11-13,2025-11-14 01:00:00 UTC,9485302,2025-12-16 19:22:11 UTC,2025-12-19 18:17:24 UTC,research,CC-BY-NC,https://inaturalist-open-data.s3.amazonaws.com/photos/600356872/medium.jpg,false,"San Diego, CA, US",32.8881116667,-117.2373883333,4,,open,false,San Diego,California,United States,Western Fence Lizard,Sceloporus occidentalis,Western Fence Lizard,Reptilia,36204
333810539,2025-03-04 11:22:47-08:00,2025-03-04,2025-03-04 19:22:47 UTC,5782214,2026-01-07 03:43:16 UTC,2026-01-07 05:49:50 UTC,research,CC-BY-NC,https://inaturalist-open-data.s3.amazonaws.com/photos/606060457/medium.jpg,false,"Hopkins Dr, San Diego, CA, US",32.884955,-117.24057,11,,open,false,San Diego,California,United States,Southern Alligator Lizard,Elgaria multicarinata,Southern Alligator Lizard,Reptilia,32055
334099249,2026-01-08 11:54:04,2026-01-08,2026-01-08 19:54:04 UTC,8241366,2026-01-09 16:02:41 UTC,2026-01-09 21:27:37 UTC,research,CC-BY-NC,https://inaturalist-open-data.s3.amazonaws.com/photos/606649882/medium.jpg,false,"Hopkins Ln, San Diego, CA, US",32.8810655889,-117.2368062462,85,,open,false,San Diego,California,United States,Western Fence Lizard,Sceloporus occidentalis,Western Fence Lizard,Reptilia,36204
335507546,2026-01-20 10:52:47-08:00,2026-01-20,2026-01-20 18:52:47 UTC,7940708,2026-01-20 18:54:03 UTC,2026-02-01 06:48:52 UTC,research,CC-BY-NC,https://inaturalist-open-data.s3.amazonaws.com/photos/609510306/medium.jpg,false,"UC San Diego, San Diego, CA, US",32.8807025912,-117.2326603025,38,,open,false,San Diego,California,United States,Западная заборная игуана,Sceloporus occidentalis,Western Fence Lizard,Reptilia,36204
336161592,2026-01-25 10:39:15,2026-01-25,2026-01-25 18:39:15 UTC,675980,2026-01-25 23:26:52 UTC,2026-01-28 00:14:25 UTC,research,CC-BY,https://inaturalist-open-data.s3.amazonaws.com/photos/610821733/medium.jpg,false,"Scholars Dr South & Revelle College Dr, San Diego, CA 92037, USA",32.8721117545,-117.2396188974,25,,open,false,San Diego,California,United States,San Diegan Legless Lizard,Anniella stebbinsi,San Diegan Legless Lizard,Reptilia,479459
336175318,2024-04-08 14:51:53,2024-04-08,2024-04-08 21:51:53 UTC,8241366,2026-01-26 01:18:14 UTC,2026-01-26 07:08:42 UTC,research,CC-BY-NC,https://inaturalist-open-data.s3.amazonaws.com/photos/610846989/medium.jpg,false,"Scholars Dr S, San Diego, CA, US",32.8737236133,-117.2416937535,217,,open,false,San Diego,California,United States,Western Fence Lizard,Sceloporus occidentalis,Western Fence Lizard,Reptilia,36204
337378819,2026-02-04 13:54:28,2026-02-04,2026-02-04 21:54:28 UTC,10051522,2026-02-05 00:22:18 UTC,2026-02-05 03:41:26 UTC,research,CC-BY-NC,https://inaturalist-open-data.s3.amazonaws.com/photos/613296266/medium.jpg,false,"San Diego, CA 92161, USA",32.8812624949,-117.2361095622,196,,open,false,San Diego,California,United States,Western Fence Lizard,Sceloporus occidentalis,Western Fence Lizard,Reptilia,36204
337380410,2026-02-04 13:49:39-08:00,2026-02-04,2026-02-04 21:49:39 UTC,9840837,2026-02-05 00:40:58 UTC,2026-02-05 08:01:46 UTC,research,CC-BY-NC,https://inaturalist-open-data.s3.amazonaws.com/photos/613299796/medium.jpg,false,"Torrey Pines, San Diego, CA, US",32.8812833333,-117.236145,10,,open,false,San Diego,California,United States,Western Fence Lizard,Sceloporus occidentalis,Western Fence Lizard,Reptilia,36204
337380787,2026-02-04 13:53:27,2026-02-04,2026-02-04 21:53:27 UTC,10051463,2026-02-05 00:45:26 UTC,2026-02-05 08:01:25 UTC,research,CC-BY-NC,https://inaturalist-open-data.s3.amazonaws.com/photos/613300700/medium.jpg,false,"San Diego, CA, US",32.881275,-117.2361366667,3,,open,false,San Diego,California,United States,Western Fence Lizard,Sceloporus occidentalis,Western Fence Lizard,Reptilia,36204
337390531,2026-02-04 13:54:54,2026-02-04,2026-02-04 21:54:54 UTC,10052045,2026-02-05 02:37:57 UTC,2026-02-05 07:59:37 UTC,research,CC-BY-NC,https://inaturalist-open-data.s3.amazonaws.com/photos/613321759/medium.jpg,false,"Engineers Ln, San Diego, CA, US",32.8812966667,-117.2361366667,2,,open,false,San Diego,California,United States,Western Fence Lizard,Sceloporus occidentalis,Western Fence Lizard,Reptilia,36204
337402292,2026-02-04 15:17:07,2026-02-04,2026-02-04 23:17:07 UTC,10051485,2026-02-05 05:15:27 UTC,2026-02-05 07:56:09 UTC,research,CC-BY-NC,https://inaturalist-open-data.s3.amazonaws.com/photos/613347609/medium.jpg,false,"Engineers Ln, San Diego, CA, US",32.8815253367,-117.236108284,23,,open,false,San Diego,California,United States,Western Fence Lizard,Sceloporus occidentalis,Western Fence Lizard,Reptilia,36204
337403687,2026/02/04 1:49 PM,2026-02-04,2026-02-04 21:49:00 UTC,10051467,2026-02-05 05:37:52 UTC,2026-02-05 06:20:28 UTC,research,CC-BY-NC,https://inaturalist-open-data.s3.amazonaws.com/photos/613350224/medium.jpg,false,"La Jolla, San Diego, CA, USA",32.8812722222,-117.236175,8,,open,false,San Diego,California,United States,Western Fence Lizard,Sceloporus occidentalis,Western Fence Lizard,Reptilia,36204
337416959,2026-02-04 15:17:33,2026-02-04,2026-02-04 23:17:33 UTC,10051517,2026-02-05 09:51:43 UTC,2026-02-05 12:33:15 UTC,research,CC-BY-NC,https://inaturalist-open-data.s3.amazonaws.com/photos/613379184/medium.jpg,false,"Engineers Ln, San Diego, CA, US",32.8814883333,-117.2361133333,4,,open,false,San Diego,California,United States,Western Fence Lizard,Sceloporus occidentalis,Western Fence Lizard,Reptilia,36204
337509006,2026-02-03T15:00,2026-02-03,2026-02-03 23:00:00 UTC,9925264,2026-02-06 04:16:52 UTC,2026-02-06 23:18:44 UTC,research,,https://static.inaturalist.org/photos/613566156/medium.jpg,false,"Hopkins Ln, San Diego, CA, US",32.8810296133,-117.2384625406,14,,open,false,San Diego,California,United States,Western Fence Lizard,Sceloporus occidentalis,Western Fence Lizard,Reptilia,36204
339618999,2026-02-20 12:56:15,2026-02-20,2026-02-20 20:56:15 UTC,8241366,2026-02-21 20:35:35 UTC,2026-02-23 21:44:52 UTC,research,CC-BY-NC,https://inaturalist-open-data.s3.amazonaws.com/photos/617850681/medium.jpg,false,"San Diego, CA, US",32.88846228,-117.2341196151,30,,open,false,San Diego,California,United States,Western Fence Lizard,Sceloporus occidentalis,Western Fence Lizard,Reptilia,36204
340680694,2026-02-28 15:37:35,2026-02-28,2026-02-28 23:37:35 UTC,9303010,2026-02-28 23:40:22 UTC,2026-03-01 00:29:14 UTC,research,CC-BY-NC,https://inaturalist-open-data.s3.amazonaws.com/photos/620012522/medium.jpg,false,"La Jolla, CA 92093, USA",32.8838227997,-117.2414203,,,open,false,San Diego,California,United States,Western Skink,Plestiodon skiltonianus,Western Skink,Reptilia,37769
340797259,2026-03-01 09:03:52-08:00,2026-03-01,2026-03-01 17:03:52 UTC,5186777,2026-03-01 17:11:09 UTC,2026-03-03 00:36:25 UTC,research,,https://static.inaturalist.org/photos/620250829/medium.jpg,false,"UC San Diego, San Diego, CA, US",32.8789782223,-117.2306292262,22,,open,false,San Diego,California,United States,Western Fence Lizard,Sceloporus occidentalis,Western Fence Lizard,Reptilia,36204
341065901,2026-03-02 16:25:04-08:00,2026-03-02,2026-03-03 00:25:04 UTC,929250,2026-03-03 08:08:59 UTC,2026-03-07 10:14:24 UTC,research,,https://static.inaturalist.org/photos/620804075/medium.jpg,false,"Torrey Pines, San Diego, CA, US",32.8887076856,-117.2346365697,54,,open,false,San Diego,California,United States,California King Snake,Lampropeltis californiae,California King Snake,Reptilia,146199
341423925,2026-03-05 12:42:15,2026-03-05,2026-03-05 20:42:15 UTC,3786877,2026-03-05 20:47:40 UTC,2026-03-05 22:00:02 UTC,needs_id,CC-BY,https://inaturalist-open-data.s3.amazonaws.com/photos/621542241/medium.jpg,false,"Peterson Hall, San Diego, CA 92161, USA",32.8802805556,-117.2401027778,,,,false,San Diego,California,United States,Toothy Skinks,Plestiodon,Toothy Skinks,Reptilia,37763
341424614,2026-03-05 12:49:26,2026-03-05,2026-03-05 20:49:26 UTC,9698070,2026-03-05 20:52:23 UTC,2026-03-06 00:26:28 UTC,research,CC-BY-NC,https://inaturalist-open-data.s3.amazonaws.com/photos/621543472/medium.jpg,false,"Scholars Dr S, San Diego, CA, US",32.8760811766,-117.2412107965,57,,open,false,San Diego,California,United States,Western Fence Lizard,Sceloporus occidentalis,Western Fence Lizard,Reptilia,36204
342469995,2026-03-11 12:57:08,2026-03-11,2026-03-11 19:57:08 UTC,9347627,2026-03-11 19:58:26 UTC,2026-03-13 05:33:45 UTC,research,CC-BY-NC,https://inaturalist-open-data.s3.amazonaws.com/photos/623661628/medium.jpg,false,"Mandeville Ln, San Diego, CA, US",32.8775033333,-117.23925,13,,open,false,San Diego,California,United States,Gilbert's Skink,Plestiodon gilberti,Gilbert's Skink,Reptilia,73789
343526991,2026-03-17 13:12:23,2026-03-17,2026-03-17 20:12:23 UTC,10055706,2026-03-17 20:16:02 UTC,2026-03-28 06:36:31 UTC,research,CC-BY-NC,https://inaturalist-open-data.s3.amazonaws.com/photos/625785697/medium.jpg,false,"Mandeville Ln, San Diego, CA, US",32.88032,-117.2384716667,8,,open,false,San Diego,California,United States,Western Skink,Plestiodon skiltonianus,Western Skink,Reptilia,37769
343559348,2026-03-17 13:12:40,2026-03-17,2026-03-17 20:12:40 UTC,10051517,2026-03-18 00:05:34 UTC,2026-03-28 06:36:24 UTC,research,CC-BY-NC,https://inaturalist-open-data.s3.amazonaws.com/photos/625852528/medium.jpg,false,"San Diego County, US-CA, US",32.8803666667,-117.23845,17,,open,false,San Diego,California,United States,Western Skink,Plestiodon skiltonianus,Western Skink,Reptilia,37769
343740901,2026-03-18 17:34:15,2026-03-18,2026-03-19 00:34:15 UTC,3786877,2026-03-19 02:32:13 UTC,2026-03-24 04:18:53 UTC,research,CC-BY,https://inaturalist-open-data.s3.amazonaws.com/photos/626222595/medium.jpg,false,"Gilman Dr & Eucalyptus Grove Ln, San Diego, CA 92161, USA",32.8767861111,-117.2399666667,,,open,false,San Diego,California,United States,Western Fence Lizard,Sceloporus occidentalis,Western Fence Lizard,Reptilia,36204
343827372,2026-03-19T08:21,2026-03-19,2026-03-19 15:21:00 UTC,8241366,2026-03-19 16:49:53 UTC,2026-03-24 05:02:33 UTC,research,CC-BY-NC,https://inaturalist-open-data.s3.amazonaws.com/photos/626390472/medium.jpg,false,"San Diego, CA, US",32.8887283333,-117.23565,17,,open,false,San Diego,California,United States,Western Fence Lizard,Sceloporus occidentalis,Western Fence Lizard,Reptilia,36204
343828113,2026-03-19T08:37,2026-03-19,2026-03-19 15:37:00 UTC,8241366,2026-03-19 16:54:42 UTC,2026-03-19 17:37:34 UTC,research,CC-BY-NC,https://inaturalist-open-data.s3.amazonaws.com/photos/626392122/medium.jpg,false,"Genesee Ave, San Diego, CA, US",32.888345,-117.23375,3,,open,false,San Diego,California,United States,Western Fence Lizard,Sceloporus occidentalis,Western Fence Lizard,Reptilia,36204
343837340,2026-03-19T08:51,2026-03-19,2026-03-19 15:51:00 UTC,8241366,2026-03-19 17:53:58 UTC,2026-03-24 04:58:57 UTC,research,CC-BY-NC,https://inaturalist-open-data.s3.amazonaws.com/photos/626409822/medium.jpg,false,"San Diego, CA, US",32.8876033333,-117.2334833333,3,,open,false,San Diego,California,United States,Western Fence Lizard,Sceloporus occidentalis,Western Fence Lizard,Reptilia,36204
343871438,2026-03-19T09:24,2026-03-19,2026-03-19 16:24:00 UTC,8241366,2026-03-19 21:18:25 UTC,2026-03-19 21:41:14 UTC,research,CC-BY-NC,https://inaturalist-open-data.s3.amazonaws.com/photos/626475442/medium.jpg,false,"San Diego, CA, US",32.88678,-117.2368166667,4,,open,false,San Diego,California,United States,Western Fence Lizard,Sceloporus occidentalis,Western Fence Lizard,Reptilia,36204
343935055,2026-03-19 13:46:20,2026-03-19,2026-03-19 20:46:20 UTC,3786877,2026-03-20 05:58:06 UTC,2026-03-27 06:47:09 UTC,research,CC-BY,https://inaturalist-open-data.s3.amazonaws.com/photos/626605753/medium.jpg,false,"San Diego, CA 92161, USA",32.880125,-117.2393083333,,,open,false,San Diego,California,United States,Western Skink,Plestiodon skiltonianus,Western Skink,Reptilia,37769
346261235,2026-03-30 16:03:23-07:00,2026-03-30,2026-03-30 23:03:23 UTC,10070839,2026-03-30 23:31:29 UTC,2026-03-30 23:33:21 UTC,research,CC-BY-NC,https://inaturalist-open-data.s3.amazonaws.com/photos/631155443/medium.jpg,false,"UC San Diego, San Diego, CA, US",32.877005,-117.23068,11,,open,false,San Diego,California,United States,Western Fence Lizard,Sceloporus occidentalis,Western Fence Lizard,Reptilia,36204
347383071,2026-04-04 12:59:47,2026-04-04,2026-04-04 19:59:47 UTC,8241366,2026-04-04 22:48:10 UTC,2026-04-05 03:44:20 UTC,research,CC-BY-NC,https://inaturalist-open-data.s3.amazonaws.com/photos/633377799/medium.jpg,false,"San Diego, CA, US",32.886395,-117.2376033333,4,,open,false,San Diego,California,United States,Western Fence Lizard,Sceloporus occidentalis,Western Fence Lizard,Reptilia,36204
349365625,2026-03-17,2026-03-17,,9486955,2026-04-12 21:36:40 UTC,2026-04-13 20:20:58 UTC,research,CC-BY-NC,https://inaturalist-open-data.s3.amazonaws.com/photos/637298844/medium.jpg,false,"N Torrey Pines Rd & Torrey Pines Scenic Dr, San Diego, CA 92037, USA",32.8860191101,-117.2414146364,185,,open,false,San Diego,California,United States,Western Fence Lizard,Sceloporus occidentalis,Western Fence Lizard,Reptilia,36204
350452338,2026-04-16 15:32:05,2026-04-16,2026-04-16 22:32:05 UTC,9486955,2026-04-17 05:53:44 UTC,2026-04-17 06:11:32 UTC,research,CC-BY-NC,https://inaturalist-open-data.s3.amazonaws.com/photos/639433139/medium.jpg,false,"N Torrey Pines Rd & Salk Institute Rd, San Diego, CA 92037, USA",32.8849055556,-117.2412083333,,,open,false,San Diego,California,United States,Western Fence Lizard,Sceloporus occidentalis,Western Fence Lizard,Reptilia,36204
